compression,eb,data,metric,decompression error
sz,0.01,ettm1,mae,0.023257426917552948
sz,0.03,ettm1,mae,0.06993631273508072
sz,0.05,ettm1,mae,0.11532866954803467
sz,0.07,ettm1,mae,0.16591878235340118
sz,0.1,ettm1,mae,0.23036858439445496
sz,0.15,ettm1,mae,0.32559069991111755
sz,0.2,ettm1,mae,0.420026034116745
sz,0.25,ettm1,mae,0.559675395488739
sz,0.3,ettm1,mae,0.6177488565444946
sz,0.4,ettm1,mae,0.957632839679718
sz,0.5,ettm1,mae,1.162666916847229
sz,0.65,ettm1,mae,1.9105831384658813
sz,0.8,ettm1,mae,3.265828847885132
pmc,0.01,ettm1,mae,0.012344188056886196
pmc,0.03,ettm1,mae,0.05760917812585831
pmc,0.05,ettm1,mae,0.09723498672246933
pmc,0.07,ettm1,mae,0.13084691762924194
pmc,0.1,ettm1,mae,0.17583538591861725
pmc,0.15,ettm1,mae,0.2563336491584778
pmc,0.2,ettm1,mae,0.32667726278305054
pmc,0.25,ettm1,mae,0.4056881070137024
pmc,0.3,ettm1,mae,0.4657445549964905
pmc,0.4,ettm1,mae,0.5803360342979431
pmc,0.5,ettm1,mae,0.6669836640357971
pmc,0.65,ettm1,mae,0.7520884871482849
pmc,0.8,ettm1,mae,0.816433846950531
swing,0.01,ettm1,mae,0.009138926863670349
swing,0.03,ettm1,mae,0.053853437304496765
swing,0.05,ettm1,mae,0.10220270603895187
swing,0.07,ettm1,mae,0.14325766265392303
swing,0.1,ettm1,mae,0.20729616284370422
swing,0.15,ettm1,mae,0.3128253221511841
swing,0.2,ettm1,mae,0.41677990555763245
swing,0.25,ettm1,mae,0.5353336930274963
swing,0.3,ettm1,mae,0.6177120208740234
swing,0.4,ettm1,mae,0.8799838423728943
swing,0.5,ettm1,mae,1.1999337673187256
swing,0.65,ettm1,mae,1.715983271598816
swing,0.8,ettm1,mae,3.032071113586426
sz,0.01,ettm1,rmse,0.03089752420783043
sz,0.03,ettm1,rmse,0.09307403862476349
sz,0.05,ettm1,rmse,0.15394167602062225
sz,0.07,ettm1,rmse,0.2205761969089508
sz,0.1,ettm1,rmse,0.3141731321811676
sz,0.15,ettm1,rmse,0.435097873210907
sz,0.2,ettm1,rmse,0.5688557028770447
sz,0.25,ettm1,rmse,0.7646402716636658
sz,0.3,ettm1,rmse,0.8254818320274353
sz,0.4,ettm1,rmse,1.3201403617858887
sz,0.5,ettm1,rmse,1.6107475757598877
sz,0.65,ettm1,rmse,2.396003246307373
sz,0.8,ettm1,rmse,3.919278860092163
pmc,0.01,ettm1,rmse,0.025608588010072708
pmc,0.03,ettm1,rmse,0.08578743785619736
pmc,0.05,ettm1,rmse,0.13908007740974426
pmc,0.07,ettm1,rmse,0.18447735905647278
pmc,0.1,ettm1,rmse,0.24730287492275238
pmc,0.15,ettm1,rmse,0.3614066243171692
pmc,0.2,ettm1,rmse,0.4627786874771118
pmc,0.25,ettm1,rmse,0.5782860517501831
pmc,0.3,ettm1,rmse,0.6648901104927063
pmc,0.4,ettm1,rmse,0.824333667755127
pmc,0.5,ettm1,rmse,0.939784586429596
pmc,0.65,ettm1,rmse,1.0295532941818237
pmc,0.8,ettm1,rmse,1.1054892539978027
swing,0.01,ettm1,rmse,0.02284478396177292
swing,0.03,ettm1,rmse,0.08938482403755188
swing,0.05,ettm1,rmse,0.15324948728084564
swing,0.07,ettm1,rmse,0.20923581719398499
swing,0.1,ettm1,rmse,0.29405292868614197
swing,0.15,ettm1,rmse,0.441821813583374
swing,0.2,ettm1,rmse,0.5797026753425598
swing,0.25,ettm1,rmse,0.7559495568275452
swing,0.3,ettm1,rmse,0.8566462397575378
swing,0.4,ettm1,rmse,1.22298002243042
swing,0.5,ettm1,rmse,1.6267330646514893
swing,0.65,ettm1,rmse,2.2854254245758057
swing,0.8,ettm1,rmse,3.7922966480255127
sz,0.01,ettm1,nrmse,0.0016700462438166142
sz,0.03,ettm1,nrmse,0.0050307572819292545
sz,0.05,ettm1,nrmse,0.008320721797645092
sz,0.07,ettm1,nrmse,0.011922393925487995
sz,0.1,ettm1,nrmse,0.01698141358792782
sz,0.15,ettm1,nrmse,0.023517534136772156
sz,0.2,ettm1,nrmse,0.030747296288609505
sz,0.25,ettm1,nrmse,0.041329674422740936
sz,0.3,ettm1,nrmse,0.04461823031306267
sz,0.4,ettm1,nrmse,0.07135508209466934
sz,0.5,ettm1,nrmse,0.08706273138523102
sz,0.65,ettm1,nrmse,0.1295066922903061
sz,0.8,ettm1,nrmse,0.21184146404266357
pmc,0.01,ettm1,nrmse,0.0013841731706634164
pmc,0.03,ettm1,nrmse,0.004636908415704966
pmc,0.05,ettm1,nrmse,0.0075174360536038876
pmc,0.07,ettm1,nrmse,0.009971210733056068
pmc,0.1,ettm1,nrmse,0.013367000967264175
pmc,0.15,ettm1,nrmse,0.019534436985850334
pmc,0.2,ettm1,nrmse,0.025013713166117668
pmc,0.25,ettm1,nrmse,0.0312570184469223
pmc,0.3,ettm1,nrmse,0.035938065499067307
pmc,0.4,ettm1,nrmse,0.04455617070198059
pmc,0.5,ettm1,nrmse,0.050796423107385635
pmc,0.65,ettm1,nrmse,0.055648524314165115
pmc,0.8,ettm1,nrmse,0.059752948582172394
swing,0.01,ettm1,nrmse,0.0012347864685580134
swing,0.03,ettm1,nrmse,0.00483135087415576
swing,0.05,ettm1,nrmse,0.008283308707177639
swing,0.07,ettm1,nrmse,0.011309432797133923
swing,0.1,ettm1,nrmse,0.01589389331638813
swing,0.15,ettm1,nrmse,0.0238809697329998
swing,0.2,ettm1,nrmse,0.03133358806371689
swing,0.25,ettm1,nrmse,0.04085993021726608
swing,0.3,ettm1,nrmse,0.04630270227789879
swing,0.4,ettm1,nrmse,0.06610345840454102
swing,0.5,ettm1,nrmse,0.08792676776647568
swing,0.65,ettm1,nrmse,0.1235298365354538
swing,0.8,ettm1,nrmse,0.20497792959213257
sz,0.01,ettm1,rse,0.00972623098641634
sz,0.03,ettm1,rse,0.029298771172761917
sz,0.05,ettm1,rse,0.04845929518342018
sz,0.07,ettm1,rse,0.06943517178297043
sz,0.1,ettm1,rse,0.09889855980873108
sz,0.15,ettm1,rse,0.13696444034576416
sz,0.2,ettm1,rse,0.17907007038593292
sz,0.25,ettm1,rse,0.2407010942697525
sz,0.3,ettm1,rse,0.25985339283943176
sz,0.4,ettm1,rse,0.41556695103645325
sz,0.5,ettm1,rse,0.5070471167564392
sz,0.65,ettm1,rse,0.7542377710342407
sz,0.8,ettm1,rse,1.2337496280670166
pmc,0.01,ettm1,rse,0.00806132610887289
pmc,0.03,ettm1,rse,0.027005022391676903
pmc,0.05,ettm1,rse,0.043781016021966934
pmc,0.07,ettm1,rse,0.058071624487638474
pmc,0.1,ettm1,rse,0.07784845679998398
pmc,0.15,ettm1,rse,0.11376717686653137
pmc,0.2,ettm1,rse,0.1456780880689621
pmc,0.25,ettm1,rse,0.18203864991664886
pmc,0.3,ettm1,rse,0.20930072665214539
pmc,0.4,ettm1,rse,0.2594919502735138
pmc,0.5,ettm1,rse,0.2958347499370575
pmc,0.65,ettm1,rse,0.3240930736064911
pmc,0.8,ettm1,rse,0.34799692034721375
swing,0.01,ettm1,rse,0.0071913087740540504
swing,0.03,ettm1,rse,0.0281374454498291
swing,0.05,ettm1,rse,0.048241399228572845
swing,0.07,ettm1,rse,0.06586533784866333
swing,0.1,ettm1,rse,0.0925649106502533
swing,0.15,ettm1,rse,0.13908107578754425
swing,0.2,ettm1,rse,0.18248458206653595
swing,0.25,ettm1,rse,0.23796533048152924
swing,0.3,ettm1,rse,0.26966363191604614
swing,0.4,ettm1,rse,0.38498181104660034
swing,0.5,ettm1,rse,0.5120792388916016
swing,0.65,ettm1,rse,0.7194289565086365
swing,0.8,ettm1,rse,1.1937769651412964
sz,0.01,ettm1,corr,0.9999528527259827
sz,0.03,ettm1,corr,0.9995721578598022
sz,0.05,ettm1,corr,0.9988387823104858
sz,0.07,ettm1,corr,0.9976374506950378
sz,0.1,ettm1,corr,0.9953733086585999
sz,0.15,ettm1,corr,0.9910993576049805
sz,0.2,ettm1,corr,0.9848470091819763
sz,0.25,ettm1,corr,0.9740981459617615
sz,0.3,ettm1,corr,0.9723473191261292
sz,0.4,ettm1,corr,0.9488222002983093
sz,0.5,ettm1,corr,0.9224156141281128
sz,0.65,ettm1,corr,0.8905190825462341
sz,0.8,ettm1,corr,0.8377549052238464
pmc,0.01,ettm1,corr,0.9999675750732422
pmc,0.03,ettm1,corr,0.9996352791786194
pmc,0.05,ettm1,corr,0.9990412592887878
pmc,0.07,ettm1,corr,0.9983125925064087
pmc,0.1,ettm1,corr,0.9969652891159058
pmc,0.15,ettm1,corr,0.9935076832771301
pmc,0.2,ettm1,corr,0.989332377910614
pmc,0.25,ettm1,corr,0.9832921028137207
pmc,0.3,ettm1,corr,0.9778544306755066
pmc,0.4,ettm1,corr,0.9657556414604187
pmc,0.5,ettm1,corr,0.9552452564239502
pmc,0.65,ettm1,corr,0.9461191296577454
pmc,0.8,ettm1,corr,0.9375617504119873
swing,0.01,ettm1,corr,0.9999741315841675
swing,0.03,ettm1,corr,0.9996047019958496
swing,0.05,ettm1,corr,0.9988417029380798
swing,0.07,ettm1,corr,0.9978349208831787
swing,0.1,ettm1,corr,0.9957206845283508
swing,0.15,ettm1,corr,0.9903947710990906
swing,0.2,ettm1,corr,0.9834367036819458
swing,0.25,ettm1,corr,0.9729682207107544
swing,0.3,ettm1,corr,0.9645240306854248
swing,0.4,ettm1,corr,0.9432805180549622
swing,0.5,ettm1,corr,0.9025612473487854
swing,0.65,ettm1,corr,0.8644999265670776
swing,0.8,ettm1,corr,0.8105186223983765
sz,0.01,ettm2,mae,0.07060348987579346
sz,0.03,ettm2,mae,0.1997058391571045
sz,0.05,ettm2,mae,0.3346395492553711
sz,0.07,ettm2,mae,0.4661480486392975
sz,0.1,ettm2,mae,0.6452266573905945
sz,0.15,ettm2,mae,0.9787404537200928
sz,0.2,ettm2,mae,1.3118575811386108
sz,0.25,ettm2,mae,1.656604290008545
sz,0.3,ettm2,mae,1.9095975160598755
sz,0.4,ettm2,mae,2.6400394439697266
sz,0.5,ettm2,mae,3.4886507987976074
sz,0.65,ettm2,mae,5.684503078460693
sz,0.8,ettm2,mae,8.960371017456055
pmc,0.01,ettm2,mae,0.038671888411045074
pmc,0.03,ettm2,mae,0.1783733069896698
pmc,0.05,ettm2,mae,0.29719340801239014
pmc,0.07,ettm2,mae,0.4153048098087311
pmc,0.1,ettm2,mae,0.5710217952728271
pmc,0.15,ettm2,mae,0.8199973106384277
pmc,0.2,ettm2,mae,1.0661371946334839
pmc,0.25,ettm2,mae,1.3318312168121338
pmc,0.3,ettm2,mae,1.5938100814819336
pmc,0.4,ettm2,mae,2.070590019226074
pmc,0.5,ettm2,mae,2.3888351917266846
pmc,0.65,ettm2,mae,2.6857516765594482
pmc,0.8,ettm2,mae,2.9287142753601074
swing,0.01,ettm2,mae,0.05329585075378418
swing,0.03,ettm2,mae,0.18738311529159546
swing,0.05,ettm2,mae,0.33519962430000305
swing,0.07,ettm2,mae,0.4774385094642639
swing,0.1,ettm2,mae,0.7145553827285767
swing,0.15,ettm2,mae,1.09906005859375
swing,0.2,ettm2,mae,1.4730585813522339
swing,0.25,ettm2,mae,1.8555325269699097
swing,0.3,ettm2,mae,2.092214822769165
swing,0.4,ettm2,mae,2.765209913253784
swing,0.5,ettm2,mae,3.49306321144104
swing,0.65,ettm2,mae,5.148329734802246
swing,0.8,ettm2,mae,7.294315338134766
sz,0.01,ettm2,rmse,0.08961331844329834
sz,0.03,ettm2,rmse,0.2569756507873535
sz,0.05,ettm2,rmse,0.4296409487724304
sz,0.07,ettm2,rmse,0.5973856449127197
sz,0.1,ettm2,rmse,0.8336473703384399
sz,0.15,ettm2,rmse,1.2635818719863892
sz,0.2,ettm2,rmse,1.6984418630599976
sz,0.25,ettm2,rmse,2.1730458736419678
sz,0.3,ettm2,rmse,2.4698240756988525
sz,0.4,ettm2,rmse,3.513688087463379
sz,0.5,ettm2,rmse,4.626155376434326
sz,0.65,ettm2,rmse,7.015434741973877
sz,0.8,ettm2,rmse,9.994536399841309
pmc,0.01,ettm2,rmse,0.07559462636709213
pmc,0.03,ettm2,rmse,0.24981603026390076
pmc,0.05,ettm2,rmse,0.4068286120891571
pmc,0.07,ettm2,rmse,0.5598413944244385
pmc,0.1,ettm2,rmse,0.7676327228546143
pmc,0.15,ettm2,rmse,1.0980302095413208
pmc,0.2,ettm2,rmse,1.4440035820007324
pmc,0.25,ettm2,rmse,1.784227728843689
pmc,0.3,ettm2,rmse,2.185056209564209
pmc,0.4,ettm2,rmse,2.80128812789917
pmc,0.5,ettm2,rmse,3.214202404022217
pmc,0.65,ettm2,rmse,3.5181949138641357
pmc,0.8,ettm2,rmse,3.764418601989746
swing,0.01,ettm2,rmse,0.08291717618703842
swing,0.03,ettm2,rmse,0.258065402507782
swing,0.05,ettm2,rmse,0.453031986951828
swing,0.07,ettm2,rmse,0.6380540132522583
swing,0.1,ettm2,rmse,0.9473263025283813
swing,0.15,ettm2,rmse,1.4492748975753784
swing,0.2,ettm2,rmse,1.9473261833190918
swing,0.25,ettm2,rmse,2.4102554321289062
swing,0.3,ettm2,rmse,2.738614559173584
swing,0.4,ettm2,rmse,3.724400043487549
swing,0.5,ettm2,rmse,4.731443405151367
swing,0.65,ettm2,rmse,6.786503314971924
swing,0.8,ettm2,rmse,9.203815460205078
sz,0.01,ettm2,nrmse,0.0023041877429932356
sz,0.03,ettm2,nrmse,0.006607501767575741
sz,0.05,ettm2,nrmse,0.011047168634831905
sz,0.07,ettm2,nrmse,0.015360314399003983
sz,0.1,ettm2,nrmse,0.0214352086186409
sz,0.15,ettm2,nrmse,0.032489925622940063
sz,0.2,ettm2,nrmse,0.04367128759622574
sz,0.25,ettm2,nrmse,0.055874571204185486
sz,0.3,ettm2,nrmse,0.06350550055503845
sz,0.4,ettm2,nrmse,0.09034591913223267
sz,0.5,ettm2,nrmse,0.11895029991865158
sz,0.65,ettm2,nrmse,0.1803847849369049
sz,0.8,ettm2,nrmse,0.2569851279258728
pmc,0.01,ettm2,nrmse,0.0019437313312664628
pmc,0.03,ettm2,nrmse,0.006423409562557936
pmc,0.05,ettm2,nrmse,0.010460604913532734
pmc,0.07,ettm2,nrmse,0.014394955709576607
pmc,0.1,ettm2,nrmse,0.01973780244588852
pmc,0.15,ettm2,nrmse,0.02823316864669323
pmc,0.2,ettm2,nrmse,0.037129029631614685
pmc,0.25,ettm2,nrmse,0.045877061784267426
pmc,0.3,ettm2,nrmse,0.05618339031934738
pmc,0.4,ettm2,nrmse,0.07202828675508499
pmc,0.5,ettm2,nrmse,0.08264537155628204
pmc,0.65,ettm2,nrmse,0.09046179801225662
pmc,0.8,ettm2,nrmse,0.09679283946752548
swing,0.01,ettm2,nrmse,0.002132012974470854
swing,0.03,ettm2,nrmse,0.006635522004216909
swing,0.05,ettm2,nrmse,0.011648612096905708
swing,0.07,ettm2,nrmse,0.016406001523137093
swing,0.1,ettm2,nrmse,0.02435818500816822
swing,0.15,ettm2,nrmse,0.037264566868543625
swing,0.2,ettm2,nrmse,0.05007074028253555
swing,0.25,ettm2,nrmse,0.06197383627295494
swing,0.3,ettm2,nrmse,0.07041679322719574
swing,0.4,ettm2,nrmse,0.09576386213302612
swing,0.5,ettm2,nrmse,0.12165752053260803
swing,0.65,ettm2,nrmse,0.17449837923049927
swing,0.8,ettm2,nrmse,0.2366536557674408
sz,0.01,ettm2,rse,0.012512635439634323
sz,0.03,ettm2,rse,0.035881299525499344
sz,0.05,ettm2,rse,0.05999041721224785
sz,0.07,ettm2,rse,0.08341246843338013
sz,0.1,ettm2,rse,0.11640150845050812
sz,0.15,ettm2,rse,0.17643289268016815
sz,0.2,ettm2,rse,0.23715205490589142
sz,0.25,ettm2,rse,0.30342063307762146
sz,0.3,ettm2,rse,0.3448594808578491
sz,0.4,ettm2,rse,0.4906134009361267
sz,0.5,ettm2,rse,0.6459463238716125
sz,0.65,ettm2,rse,0.9795594811439514
sz,0.8,ettm2,rse,1.39552903175354
pmc,0.01,ettm2,rse,0.010555216111242771
pmc,0.03,ettm2,rse,0.03488161042332649
pmc,0.05,ettm2,rse,0.05680515244603157
pmc,0.07,ettm2,rse,0.07817019522190094
pmc,0.1,ettm2,rse,0.10718393325805664
pmc,0.15,ettm2,rse,0.15331706404685974
pmc,0.2,ettm2,rse,0.2016250491142273
pmc,0.25,ettm2,rse,0.2491302788257599
pmc,0.3,ettm2,rse,0.3050976097583771
pmc,0.4,ettm2,rse,0.3911415636539459
pmc,0.5,ettm2,rse,0.44879648089408875
pmc,0.65,ettm2,rse,0.4912427067756653
pmc,0.8,ettm2,rse,0.5256227254867554
swing,0.01,ettm2,rse,0.011577658355236053
swing,0.03,ettm2,rse,0.03603345900774002
swing,0.05,ettm2,rse,0.06325648725032806
swing,0.07,ettm2,rse,0.08909096568822861
swing,0.1,ettm2,rse,0.13227438926696777
swing,0.15,ettm2,rse,0.2023610770702362
swing,0.2,ettm2,rse,0.2719035744667053
swing,0.25,ettm2,rse,0.336542010307312
swing,0.3,ettm2,rse,0.3823905289173126
swing,0.4,ettm2,rse,0.5200349688529968
swing,0.5,ettm2,rse,0.6606476306915283
swing,0.65,ettm2,rse,0.9475939273834229
swing,0.8,ettm2,rse,1.285121202468872
sz,0.01,ettm2,corr,0.9999224543571472
sz,0.03,ettm2,corr,0.999359130859375
sz,0.05,ettm2,corr,0.99823397397995
sz,0.07,ettm2,corr,0.9965534806251526
sz,0.1,ettm2,corr,0.9935044050216675
sz,0.15,ettm2,corr,0.9857264757156372
sz,0.2,ettm2,corr,0.973996102809906
sz,0.25,ettm2,corr,0.9618213176727295
sz,0.3,ettm2,corr,0.9541202187538147
sz,0.4,ettm2,corr,0.9243223071098328
sz,0.5,ettm2,corr,0.8918285369873047
sz,0.65,ettm2,corr,0.84490966796875
sz,0.8,ettm2,corr,0.861467182636261
pmc,0.01,ettm2,corr,0.999944269657135
pmc,0.03,ettm2,corr,0.9993913769721985
pmc,0.05,ettm2,corr,0.9983851909637451
pmc,0.07,ettm2,corr,0.9969399571418762
pmc,0.1,ettm2,corr,0.9942391514778137
pmc,0.15,ettm2,corr,0.9881771802902222
pmc,0.2,ettm2,corr,0.9794628620147705
pmc,0.25,ettm2,corr,0.96847003698349
pmc,0.3,ettm2,corr,0.9523281455039978
pmc,0.4,ettm2,corr,0.9203317761421204
pmc,0.5,ettm2,corr,0.8936833739280701
pmc,0.65,ettm2,corr,0.8710453510284424
pmc,0.8,ettm2,corr,0.8533484935760498
swing,0.01,ettm2,corr,0.9999328851699829
swing,0.03,ettm2,corr,0.9993506669998169
swing,0.05,ettm2,corr,0.997998058795929
swing,0.07,ettm2,corr,0.9960508346557617
swing,0.1,ettm2,corr,0.9912720322608948
swing,0.15,ettm2,corr,0.9793646335601807
swing,0.2,ettm2,corr,0.9624103307723999
swing,0.25,ettm2,corr,0.942121148109436
swing,0.3,ettm2,corr,0.9247986674308777
swing,0.4,ettm2,corr,0.8699657320976257
swing,0.5,ettm2,corr,0.8114516735076904
swing,0.65,ettm2,corr,0.6777495741844177
swing,0.8,ettm2,corr,0.48182809352874756
sz,0.01,solar,mae,0.02257370948791504
sz,0.03,solar,mae,0.029159337282180786
sz,0.05,solar,mae,0.057510554790496826
sz,0.07,solar,mae,0.109355129301548
sz,0.1,solar,mae,0.11873312294483185
sz,0.15,solar,mae,0.2245640754699707
sz,0.2,solar,mae,0.23746129870414734
sz,0.25,solar,mae,0.4273669123649597
sz,0.3,solar,mae,0.443366676568985
sz,0.4,solar,mae,0.48206162452697754
sz,0.5,solar,mae,0.8392094373703003
sz,0.65,solar,mae,0.9598940014839172
sz,0.8,solar,mae,1.1238726377487183
pmc,0.01,solar,mae,0.00970224104821682
pmc,0.03,solar,mae,0.049112819135189056
pmc,0.05,solar,mae,0.09161371737718582
pmc,0.07,solar,mae,0.13199062645435333
pmc,0.1,solar,mae,0.18826697766780853
pmc,0.15,solar,mae,0.26896780729293823
pmc,0.2,solar,mae,0.3363646864891052
pmc,0.25,solar,mae,0.39339929819107056
pmc,0.3,solar,mae,0.4407404065132141
pmc,0.4,solar,mae,0.5383777618408203
pmc,0.5,solar,mae,0.6135038137435913
pmc,0.65,solar,mae,0.7136856317520142
pmc,0.8,solar,mae,0.8000022172927856
swing,0.01,solar,mae,0.014134657569229603
swing,0.03,solar,mae,0.055122893303632736
swing,0.05,solar,mae,0.10037203878164291
swing,0.07,solar,mae,0.148692786693573
swing,0.1,solar,mae,0.22479891777038574
swing,0.15,solar,mae,0.35657891631126404
swing,0.2,solar,mae,0.49414128065109253
swing,0.25,solar,mae,0.6326013803482056
swing,0.3,solar,mae,0.7692326903343201
swing,0.4,solar,mae,0.9755663275718689
swing,0.5,solar,mae,1.1346702575683594
swing,0.65,solar,mae,1.5571829080581665
swing,0.8,solar,mae,2.480262041091919
sz,0.01,solar,rmse,0.05458199977874756
sz,0.03,solar,rmse,0.08264469355344772
sz,0.05,solar,rmse,0.15454712510108948
sz,0.07,solar,rmse,0.27746161818504333
sz,0.1,solar,rmse,0.3125497102737427
sz,0.15,solar,rmse,0.5632122755050659
sz,0.2,solar,rmse,0.6142089366912842
sz,0.25,solar,rmse,1.0511462688446045
sz,0.3,solar,rmse,1.1025217771530151
sz,0.4,solar,rmse,1.257684350013733
sz,0.5,solar,rmse,2.045973539352417
sz,0.65,solar,rmse,2.4139962196350098
sz,0.8,solar,rmse,3.0401155948638916
pmc,0.01,solar,rmse,0.041441187262535095
pmc,0.03,solar,rmse,0.1516006737947464
pmc,0.05,solar,rmse,0.2553616762161255
pmc,0.07,solar,rmse,0.34926584362983704
pmc,0.1,solar,rmse,0.47696030139923096
pmc,0.15,solar,rmse,0.6603488326072693
pmc,0.2,solar,rmse,0.8158581256866455
pmc,0.25,solar,rmse,0.9478194117546082
pmc,0.3,solar,rmse,1.0621368885040283
pmc,0.4,solar,rmse,1.2874764204025269
pmc,0.5,solar,rmse,1.46156644821167
pmc,0.65,solar,rmse,1.6916807889938354
pmc,0.8,solar,rmse,1.891912817955017
swing,0.01,solar,rmse,0.047437746077775955
swing,0.03,solar,rmse,0.1590970903635025
swing,0.05,solar,rmse,0.27571901679039
swing,0.07,solar,rmse,0.39682266116142273
swing,0.1,solar,rmse,0.5841233134269714
swing,0.15,solar,rmse,0.9069567322731018
swing,0.2,solar,rmse,1.238040566444397
swing,0.25,solar,rmse,1.578173041343689
swing,0.3,solar,rmse,1.9080424308776855
swing,0.4,solar,rmse,2.377768039703369
swing,0.5,solar,rmse,2.736485719680786
swing,0.65,solar,rmse,3.693185567855835
swing,0.8,solar,rmse,5.683918476104736
sz,0.01,solar,nrmse,0.0006763568962924182
sz,0.03,solar,nrmse,0.001024097902700305
sz,0.05,solar,nrmse,0.001915082219056785
sz,0.07,solar,nrmse,0.0034381861332803965
sz,0.1,solar,nrmse,0.0038729829248040915
sz,0.15,solar,nrmse,0.006979086901992559
sz,0.2,solar,nrmse,0.007611015811562538
sz,0.25,solar,nrmse,0.013025357387959957
sz,0.3,solar,nrmse,0.013661980628967285
sz,0.4,solar,nrmse,0.015584688633680344
sz,0.5,solar,nrmse,0.025352833792567253
sz,0.65,solar,nrmse,0.02991321310400963
sz,0.8,solar,nrmse,0.03767181932926178
pmc,0.01,solar,nrmse,0.0005135215469636023
pmc,0.03,solar,nrmse,0.0018785709980875254
pmc,0.05,solar,nrmse,0.0031643330585211515
pmc,0.07,solar,nrmse,0.004327953793108463
pmc,0.1,solar,nrmse,0.005910289008170366
pmc,0.15,solar,nrmse,0.008182761259377003
pmc,0.2,solar,nrmse,0.010109766386449337
pmc,0.25,solar,nrmse,0.011744974181056023
pmc,0.3,solar,nrmse,0.013161548413336277
pmc,0.4,solar,nrmse,0.01595385931432247
pmc,0.5,solar,nrmse,0.018111109733581543
pmc,0.65,solar,nrmse,0.020962588489055634
pmc,0.8,solar,nrmse,0.023443778976798058
swing,0.01,solar,nrmse,0.0005878283409401774
swing,0.03,solar,nrmse,0.0019714634399861097
swing,0.05,solar,nrmse,0.0034165927208960056
swing,0.07,solar,nrmse,0.0049172574654221535
swing,0.1,solar,nrmse,0.007238207384943962
swing,0.15,solar,nrmse,0.011238621547818184
swing,0.2,solar,nrmse,0.01534127164632082
swing,0.25,solar,nrmse,0.01955604925751686
swing,0.3,solar,nrmse,0.023643650114536285
swing,0.4,solar,nrmse,0.02946428954601288
swing,0.5,solar,nrmse,0.03390936553478241
swing,0.65,solar,nrmse,0.04576438292860985
swing,0.8,solar,nrmse,0.07043270021677017
sz,0.01,solar,rse,0.006129249464720488
sz,0.03,solar,rse,0.009280531667172909
sz,0.05,solar,rse,0.01735476776957512
sz,0.07,solar,rse,0.031157370656728745
sz,0.1,solar,rse,0.03509756550192833
sz,0.15,solar,rse,0.06324554979801178
sz,0.2,solar,rse,0.06897219270467758
sz,0.25,solar,rse,0.11803777515888214
sz,0.3,solar,rse,0.12380696833133698
sz,0.4,solar,rse,0.14123085141181946
sz,0.5,solar,rse,0.22975124418735504
sz,0.65,solar,rse,0.27107810974121094
sz,0.8,solar,rse,0.3413878083229065
pmc,0.01,solar,rse,0.00465361075475812
pmc,0.03,solar,rse,0.017023898661136627
pmc,0.05,solar,rse,0.02867567166686058
pmc,0.07,solar,rse,0.03922057896852493
pmc,0.1,solar,rse,0.05355994403362274
pmc,0.15,solar,rse,0.07415343821048737
pmc,0.2,solar,rse,0.09161625057458878
pmc,0.25,solar,rse,0.10643476247787476
pmc,0.3,solar,rse,0.11927197128534317
pmc,0.4,solar,rse,0.1445763111114502
pmc,0.5,solar,rse,0.16412565112113953
pmc,0.65,solar,rse,0.18996618688106537
pmc,0.8,solar,rse,0.21245110034942627
swing,0.01,solar,rse,0.005326990503817797
swing,0.03,solar,rse,0.017865704372525215
swing,0.05,solar,rse,0.030961688607931137
swing,0.07,solar,rse,0.04456093907356262
swing,0.1,solar,rse,0.06559374183416367
swing,0.15,solar,rse,0.1018461138010025
swing,0.2,solar,rse,0.13902494311332703
swing,0.25,solar,rse,0.1772199124097824
swing,0.3,solar,rse,0.21426238119602203
swing,0.4,solar,rse,0.2670098841190338
swing,0.5,solar,rse,0.3072918653488159
swing,0.65,solar,rse,0.41472384333610535
swing,0.8,solar,rse,0.6382718682289124
sz,0.01,solar,corr,0.9999803900718689
sz,0.03,solar,corr,0.9999679327011108
sz,0.05,solar,corr,0.9999026656150818
sz,0.07,solar,corr,0.9997525215148926
sz,0.1,solar,corr,0.999622106552124
sz,0.15,solar,corr,0.9989724159240723
sz,0.2,solar,corr,0.9986396431922913
sz,0.25,solar,corr,0.9967262744903564
sz,0.3,solar,corr,0.9962086081504822
sz,0.4,solar,corr,0.9948007464408875
sz,0.5,solar,corr,0.9882217645645142
sz,0.65,solar,corr,0.9870558977127075
sz,0.8,solar,corr,0.9836475849151611
pmc,0.01,solar,corr,0.9999885559082031
pmc,0.03,solar,corr,0.9998443126678467
pmc,0.05,solar,corr,0.9995617270469666
pmc,0.07,solar,corr,0.9991824626922607
pmc,0.1,solar,corr,0.9984705448150635
pmc,0.15,solar,corr,0.9970727562904358
pmc,0.2,solar,corr,0.995486319065094
pmc,0.25,solar,corr,0.9938793182373047
pmc,0.3,solar,corr,0.99235600233078
pmc,0.4,solar,corr,0.9886202812194824
pmc,0.5,solar,corr,0.9852842688560486
pmc,0.65,solar,corr,0.9801369309425354
pmc,0.8,solar,corr,0.9750655889511108
swing,0.01,solar,corr,0.999984860420227
swing,0.03,solar,corr,0.9998380541801453
swing,0.05,solar,corr,0.9995337724685669
swing,0.07,solar,corr,0.9990661144256592
swing,0.1,solar,corr,0.998039722442627
swing,0.15,solar,corr,0.9954012036323547
swing,0.2,solar,corr,0.9915057420730591
swing,0.25,solar,corr,0.9863060712814331
swing,0.3,solar,corr,0.9797423481941223
swing,0.4,solar,corr,0.9656447768211365
swing,0.5,solar,corr,0.9536796808242798
swing,0.65,solar,corr,0.9149163365364075
swing,0.8,solar,corr,0.8337738513946533
sz,0.01,weather,mae,2.085207462310791
sz,0.03,weather,mae,6.201304912567139
sz,0.05,weather,mae,8.654047012329102
sz,0.07,weather,mae,13.836450576782227
sz,0.1,weather,mae,18.313175201416016
sz,0.15,weather,mae,21.103927612304688
sz,0.2,weather,mae,21.2470760345459
sz,0.25,weather,mae,53.12692642211914
sz,0.3,weather,mae,53.131221771240234
sz,0.4,weather,mae,53.131221771240234
sz,0.5,weather,mae,53.131221771240234
sz,0.65,weather,mae,53.175193786621094
sz,0.8,weather,mae,309.5768737792969
pmc,0.01,weather,mae,1.5437424182891846
pmc,0.03,weather,mae,4.08013391494751
pmc,0.05,weather,mae,6.102978706359863
pmc,0.07,weather,mae,7.983757972717285
pmc,0.1,weather,mae,10.879231452941895
pmc,0.15,weather,mae,11.770739555358887
pmc,0.2,weather,mae,12.833732604980469
pmc,0.25,weather,mae,12.832746505737305
pmc,0.3,weather,mae,12.831971168518066
pmc,0.4,weather,mae,13.68840503692627
pmc,0.5,weather,mae,13.68840503692627
pmc,0.65,weather,mae,13.68840503692627
pmc,0.8,weather,mae,13.68840503692627
swing,0.01,weather,mae,1.8919655084609985
swing,0.03,weather,mae,5.373290538787842
swing,0.05,weather,mae,8.516885757446289
swing,0.07,weather,mae,10.809033393859863
swing,0.1,weather,mae,13.868250846862793
swing,0.15,weather,mae,22.81985855102539
swing,0.2,weather,mae,14.744327545166016
swing,0.25,weather,mae,12.640632629394531
swing,0.3,weather,mae,70.61309814453125
swing,0.4,weather,mae,73.26791381835938
swing,0.5,weather,mae,74.05606079101562
swing,0.65,weather,mae,75.22421264648438
swing,0.8,weather,mae,71.19356536865234
sz,0.01,weather,rmse,2.390763998031616
sz,0.03,weather,rmse,7.1238813400268555
sz,0.05,weather,rmse,10.469832420349121
sz,0.07,weather,rmse,16.002628326416016
sz,0.1,weather,rmse,21.735698699951172
sz,0.15,weather,rmse,26.337905883789062
sz,0.2,weather,rmse,26.67449378967285
sz,0.25,weather,rmse,55.561405181884766
sz,0.3,weather,rmse,55.56911849975586
sz,0.4,weather,rmse,55.56911849975586
sz,0.5,weather,rmse,55.56911849975586
sz,0.65,weather,rmse,55.66946029663086
sz,0.8,weather,rmse,310.00457763671875
pmc,0.01,weather,rmse,1.900225043296814
pmc,0.03,weather,rmse,5.060812950134277
pmc,0.05,weather,rmse,7.726108551025391
pmc,0.07,weather,rmse,10.289299011230469
pmc,0.1,weather,rmse,13.973790168762207
pmc,0.15,weather,rmse,15.521071434020996
pmc,0.2,weather,rmse,17.185667037963867
pmc,0.25,weather,rmse,17.183086395263672
pmc,0.3,weather,rmse,17.181055068969727
pmc,0.4,weather,rmse,18.831178665161133
pmc,0.5,weather,rmse,18.831178665161133
pmc,0.65,weather,rmse,18.831178665161133
pmc,0.8,weather,rmse,18.831178665161133
swing,0.01,weather,rmse,2.277822971343994
swing,0.03,weather,rmse,6.446351528167725
swing,0.05,weather,rmse,10.225508689880371
swing,0.07,weather,rmse,13.213566780090332
swing,0.1,weather,rmse,17.22332000732422
swing,0.15,weather,rmse,28.725622177124023
swing,0.2,weather,rmse,19.075883865356445
swing,0.25,weather,rmse,16.4941463470459
swing,0.3,weather,rmse,72.69520568847656
swing,0.4,weather,rmse,75.29093933105469
swing,0.5,weather,rmse,76.0624008178711
swing,0.65,weather,rmse,77.20651245117188
swing,0.8,weather,rmse,73.2623519897461
sz,0.01,weather,nrmse,0.02010735124349594
sz,0.03,weather,nrmse,0.05991490185260773
sz,0.05,weather,nrmse,0.08805578947067261
sz,0.07,weather,nrmse,0.13458897173404694
sz,0.1,weather,nrmse,0.18280655145645142
sz,0.15,weather,nrmse,0.22151309251785278
sz,0.2,weather,nrmse,0.224343940615654
sz,0.25,weather,nrmse,0.46729525923728943
sz,0.3,weather,nrmse,0.46736013889312744
sz,0.4,weather,nrmse,0.46736013889312744
sz,0.5,weather,nrmse,0.46736013889312744
sz,0.65,weather,nrmse,0.4682040512561798
sz,0.8,weather,nrmse,2.607271671295166
pmc,0.01,weather,nrmse,0.015981707721948624
pmc,0.03,weather,nrmse,0.04256360977888107
pmc,0.05,weather,nrmse,0.06497988849878311
pmc,0.07,weather,nrmse,0.0865374207496643
pmc,0.1,weather,nrmse,0.11752557754516602
pmc,0.15,weather,nrmse,0.13053888082504272
pmc,0.2,weather,nrmse,0.14453883469104767
pmc,0.25,weather,nrmse,0.14451713860034943
pmc,0.3,weather,nrmse,0.14450004696846008
pmc,0.4,weather,nrmse,0.15837830305099487
pmc,0.5,weather,nrmse,0.15837830305099487
pmc,0.65,weather,nrmse,0.15837830305099487
pmc,0.8,weather,nrmse,0.15837830305099487
swing,0.01,weather,nrmse,0.019157469272613525
swing,0.03,weather,nrmse,0.05421658232808113
swing,0.05,weather,nrmse,0.08600091934204102
swing,0.07,weather,nrmse,0.11113177239894867
swing,0.1,weather,nrmse,0.14485551416873932
swing,0.15,weather,nrmse,0.2415948212146759
swing,0.2,weather,nrmse,0.16043637692928314
swing,0.25,weather,nrmse,0.13872285187244415
swing,0.3,weather,nrmse,0.611397922039032
swing,0.4,weather,nrmse,0.63322913646698
swing,0.5,weather,nrmse,0.6397174596786499
swing,0.65,weather,nrmse,0.6493399143218994
swing,0.8,weather,nrmse,0.6161678433418274
sz,0.01,weather,rse,0.1468634456396103
sz,0.03,weather,rse,0.4376165270805359
sz,0.05,weather,rse,0.6431566476821899
sz,0.07,weather,rse,0.9830335378646851
sz,0.1,weather,rse,1.3352131843566895
sz,0.15,weather,rse,1.6179245710372925
sz,0.2,weather,rse,1.6386009454727173
sz,0.25,weather,rse,3.413109540939331
sz,0.3,weather,rse,3.413583517074585
sz,0.4,weather,rse,3.413583517074585
sz,0.5,weather,rse,3.413583517074585
sz,0.65,weather,rse,3.4197473526000977
sz,0.8,weather,rse,19.043426513671875
pmc,0.01,weather,rse,0.11672988533973694
pmc,0.03,weather,rse,0.31088322401046753
pmc,0.05,weather,rse,0.4746110439300537
pmc,0.07,weather,rse,0.632066547870636
pmc,0.1,weather,rse,0.8584029674530029
pmc,0.15,weather,rse,0.9534518122673035
pmc,0.2,weather,rse,1.0557069778442383
pmc,0.25,weather,rse,1.0555484294891357
pmc,0.3,weather,rse,1.0554237365722656
pmc,0.4,weather,rse,1.1567901372909546
pmc,0.5,weather,rse,1.1567901372909546
pmc,0.65,weather,rse,1.1567901372909546
pmc,0.8,weather,rse,1.1567901372909546
swing,0.01,weather,rse,0.1399255394935608
swing,0.03,weather,rse,0.39599621295928955
swing,0.05,weather,rse,0.6281479597091675
swing,0.07,weather,rse,0.8117029070854187
swing,0.1,weather,rse,1.058019995689392
swing,0.15,weather,rse,1.7646007537841797
swing,0.2,weather,rse,1.171822190284729
swing,0.25,weather,rse,1.0132273435592651
swing,0.3,weather,rse,4.465630531311035
swing,0.4,weather,rse,4.625085353851318
swing,0.5,weather,rse,4.672475814819336
swing,0.65,weather,rse,4.742757797241211
swing,0.8,weather,rse,4.500470161437988
sz,0.01,weather,corr,0.9893618822097778
sz,0.03,weather,corr,0.906521201133728
sz,0.05,weather,corr,0.8332617878913879
sz,0.07,weather,corr,0.8228375315666199
sz,0.1,weather,corr,0.6980392932891846
sz,0.15,weather,corr,0.2503860890865326
sz,0.2,weather,corr,
sz,0.25,weather,corr,0.04138071462512016
sz,0.3,weather,corr,
sz,0.4,weather,corr,
sz,0.5,weather,corr,
sz,0.65,weather,corr,0.03633587062358856
sz,0.8,weather,corr,-1.955288553290302e-06
pmc,0.01,weather,corr,0.9931635856628418
pmc,0.03,weather,corr,0.950448215007782
pmc,0.05,weather,corr,0.880196213722229
pmc,0.07,weather,corr,0.7749279141426086
pmc,0.1,weather,corr,0.5145546197891235
pmc,0.15,weather,corr,0.32488465309143066
pmc,0.2,weather,corr,
pmc,0.25,weather,corr,-1.9571684788388666e-06
pmc,0.3,weather,corr,-1.9571684788388666e-06
pmc,0.4,weather,corr,1.9571684788388666e-06
pmc,0.5,weather,corr,1.9571684788388666e-06
pmc,0.65,weather,corr,1.9571684788388666e-06
pmc,0.8,weather,corr,1.9571684788388666e-06
swing,0.01,weather,corr,0.9904151558876038
swing,0.03,weather,corr,0.9224466681480408
swing,0.05,weather,corr,0.7968844771385193
swing,0.07,weather,corr,0.6808176040649414
swing,0.1,weather,corr,0.43501541018486023
swing,0.15,weather,corr,0.06979446858167648
swing,0.2,weather,corr,0.13440898060798645
swing,0.25,weather,corr,0.13440898060798645
swing,0.3,weather,corr,-0.13440898060798645
swing,0.4,weather,corr,-0.13440898060798645
swing,0.5,weather,corr,-0.13440899550914764
swing,0.65,weather,corr,-0.13440899550914764
swing,0.8,weather,corr,-0.13440904021263123
sz,0.01,belhle02,mae,3.9423038959503174
sz,0.03,belhle02,mae,11.66981029510498
sz,0.05,belhle02,mae,19.307031631469727
sz,0.07,belhle02,mae,25.311771392822266
sz,0.1,belhle02,mae,38.209354400634766
sz,0.15,belhle02,mae,56.94002151489258
sz,0.2,belhle02,mae,68.72508239746094
sz,0.25,belhle02,mae,78.29219055175781
sz,0.3,belhle02,mae,119.23681640625
sz,0.4,belhle02,mae,212.72813415527344
sz,0.5,belhle02,mae,118.03396606445312
sz,0.65,belhle02,mae,430.0982360839844
sz,0.8,belhle02,mae,590.1739501953125
pmc,0.01,belhle02,mae,3.1489968299865723
pmc,0.03,belhle02,mae,9.36377239227295
pmc,0.05,belhle02,mae,14.498034477233887
pmc,0.07,belhle02,mae,19.631261825561523
pmc,0.1,belhle02,mae,26.332155227661133
pmc,0.15,belhle02,mae,38.62555694580078
pmc,0.2,belhle02,mae,47.09842300415039
pmc,0.25,belhle02,mae,56.09202194213867
pmc,0.3,belhle02,mae,67.09456634521484
pmc,0.4,belhle02,mae,83.71407318115234
pmc,0.5,belhle02,mae,86.71543884277344
pmc,0.65,belhle02,mae,88.91118621826172
pmc,0.8,belhle02,mae,90.27348327636719
swing,0.01,belhle02,mae,3.614891290664673
swing,0.03,belhle02,mae,10.827693939208984
swing,0.05,belhle02,mae,17.429636001586914
swing,0.07,belhle02,mae,23.687061309814453
swing,0.1,belhle02,mae,32.39187240600586
swing,0.15,belhle02,mae,45.59670639038086
swing,0.2,belhle02,mae,54.864952087402344
swing,0.25,belhle02,mae,69.46792602539062
swing,0.3,belhle02,mae,92.89554595947266
swing,0.4,belhle02,mae,132.23194885253906
swing,0.5,belhle02,mae,199.70875549316406
swing,0.65,belhle02,mae,404.4150390625
swing,0.8,belhle02,mae,555.3324584960938
sz,0.01,belhle02,rmse,4.7526469230651855
sz,0.03,belhle02,rmse,14.109375
sz,0.05,belhle02,rmse,23.300466537475586
sz,0.07,belhle02,rmse,30.876724243164062
sz,0.1,belhle02,rmse,46.47471618652344
sz,0.15,belhle02,rmse,70.14212799072266
sz,0.2,belhle02,rmse,84.39486694335938
sz,0.25,belhle02,rmse,98.44705963134766
sz,0.3,belhle02,rmse,141.63385009765625
sz,0.4,belhle02,rmse,242.8492431640625
sz,0.5,belhle02,rmse,157.7197723388672
sz,0.65,belhle02,rmse,462.7601318359375
sz,0.8,belhle02,rmse,622.714111328125
pmc,0.01,belhle02,rmse,4.103666305541992
pmc,0.03,belhle02,rmse,11.884407997131348
pmc,0.05,belhle02,rmse,18.475011825561523
pmc,0.07,belhle02,rmse,25.007471084594727
pmc,0.1,belhle02,rmse,33.54377365112305
pmc,0.15,belhle02,rmse,48.839454650878906
pmc,0.2,belhle02,rmse,60.15023422241211
pmc,0.25,belhle02,rmse,74.44664764404297
pmc,0.3,belhle02,rmse,88.18362426757812
pmc,0.4,belhle02,rmse,106.92764282226562
pmc,0.5,belhle02,rmse,112.87562561035156
pmc,0.65,belhle02,rmse,113.82947540283203
pmc,0.8,belhle02,rmse,117.36372375488281
swing,0.01,belhle02,rmse,4.734821319580078
swing,0.03,belhle02,rmse,13.694694519042969
swing,0.05,belhle02,rmse,21.831148147583008
swing,0.07,belhle02,rmse,29.858755111694336
swing,0.1,belhle02,rmse,40.482486724853516
swing,0.15,belhle02,rmse,57.50767135620117
swing,0.2,belhle02,rmse,70.27301025390625
swing,0.25,belhle02,rmse,91.36770629882812
swing,0.3,belhle02,rmse,119.16706085205078
swing,0.4,belhle02,rmse,164.7130126953125
swing,0.5,belhle02,rmse,226.4829864501953
swing,0.65,belhle02,rmse,442.1100769042969
swing,0.8,belhle02,rmse,596.0242919921875
sz,0.01,belhle02,nrmse,0.00383275980129838
sz,0.03,belhle02,nrmse,0.011378468945622444
sz,0.05,belhle02,nrmse,0.018790600821375847
sz,0.07,belhle02,nrmse,0.02490045502781868
sz,0.1,belhle02,nrmse,0.03747941553592682
sz,0.15,belhle02,nrmse,0.05656593665480614
sz,0.2,belhle02,nrmse,0.0680600181221962
sz,0.25,belhle02,nrmse,0.07939237356185913
sz,0.3,belhle02,nrmse,0.11422025412321091
sz,0.4,belhle02,nrmse,0.19584514200687408
sz,0.5,belhle02,nrmse,0.12719270586967468
sz,0.65,belhle02,nrmse,0.3731917142868042
sz,0.8,belhle02,nrmse,0.5021861791610718
pmc,0.01,belhle02,nrmse,0.0033093909732997417
pmc,0.03,belhle02,nrmse,0.009584150277078152
pmc,0.05,belhle02,nrmse,0.014899125322699547
pmc,0.07,belhle02,nrmse,0.020167211070656776
pmc,0.1,belhle02,nrmse,0.02705128863453865
pmc,0.15,belhle02,nrmse,0.03938645124435425
pmc,0.2,belhle02,nrmse,0.04850799962878227
pmc,0.25,belhle02,nrmse,0.06003730744123459
pmc,0.3,belhle02,nrmse,0.07111545652151108
pmc,0.4,belhle02,nrmse,0.0862315222620964
pmc,0.5,belhle02,nrmse,0.09102825820446014
pmc,0.65,belhle02,nrmse,0.09179748594760895
pmc,0.8,belhle02,nrmse,0.09464766830205917
swing,0.01,belhle02,nrmse,0.0038183843716979027
swing,0.03,belhle02,nrmse,0.011044050566852093
swing,0.05,belhle02,nrmse,0.017605673521757126
swing,0.07,belhle02,nrmse,0.024079514667391777
swing,0.1,belhle02,nrmse,0.03264699503779411
swing,0.15,belhle02,nrmse,0.04637691378593445
swing,0.2,belhle02,nrmse,0.05667148530483246
swing,0.25,belhle02,nrmse,0.0736832469701767
swing,0.3,belhle02,nrmse,0.09610196948051453
swing,0.4,belhle02,nrmse,0.1328323781490326
swing,0.5,belhle02,nrmse,0.18264661729335785
swing,0.65,belhle02,nrmse,0.3565385341644287
swing,0.8,belhle02,nrmse,0.4806622564792633
sz,0.01,belhle02,rse,0.01889805868268013
sz,0.03,belhle02,rse,0.056103434413671494
sz,0.05,belhle02,rse,0.09265017509460449
sz,0.07,belhle02,rse,0.12277582287788391
sz,0.1,belhle02,rse,0.1847984939813614
sz,0.15,belhle02,rse,0.27890777587890625
sz,0.2,belhle02,rse,0.3355812728404999
sz,0.25,belhle02,rse,0.39145731925964355
sz,0.3,belhle02,rse,0.5631819367408752
sz,0.4,belhle02,rse,0.9656471014022827
sz,0.5,belhle02,rse,0.6271447539329529
sz,0.65,belhle02,rse,1.8400838375091553
sz,0.8,belhle02,rse,2.4761126041412354
pmc,0.01,belhle02,rse,0.01631750352680683
pmc,0.03,belhle02,rse,0.047256242483854294
pmc,0.05,belhle02,rse,0.07346261292695999
pmc,0.07,belhle02,rse,0.09943778067827225
pmc,0.1,belhle02,rse,0.13338087499141693
pmc,0.15,belhle02,rse,0.19420145452022552
pmc,0.2,belhle02,rse,0.23917676508426666
pmc,0.25,belhle02,rse,0.2960239052772522
pmc,0.3,belhle02,rse,0.3506465554237366
pmc,0.4,belhle02,rse,0.4251788258552551
pmc,0.5,belhle02,rse,0.4488299489021301
pmc,0.65,belhle02,rse,0.45262274146080017
pmc,0.8,belhle02,rse,0.46667608618736267
swing,0.01,belhle02,rse,0.018827177584171295
swing,0.03,belhle02,rse,0.05445452779531479
swing,0.05,belhle02,rse,0.08680769801139832
swing,0.07,belhle02,rse,0.11872806400060654
swing,0.1,belhle02,rse,0.16097143292427063
swing,0.15,belhle02,rse,0.22866907715797424
swing,0.2,belhle02,rse,0.2794281840324402
swing,0.25,belhle02,rse,0.36330747604370117
swing,0.3,belhle02,rse,0.4738467335700989
swing,0.4,belhle02,rse,0.6549521684646606
swing,0.5,belhle02,rse,0.9005695581436157
swing,0.65,belhle02,rse,1.7579723596572876
swing,0.8,belhle02,rse,2.3699851036071777
sz,0.01,belhle02,corr,0.9998222589492798
sz,0.03,belhle02,corr,0.9984465837478638
sz,0.05,belhle02,corr,0.9957479238510132
sz,0.07,belhle02,corr,0.992581307888031
sz,0.1,belhle02,corr,0.9836967587471008
sz,0.15,belhle02,corr,0.9653377532958984
sz,0.2,belhle02,corr,0.9493988156318665
sz,0.25,belhle02,corr,0.9329439997673035
sz,0.3,belhle02,corr,0.8946863412857056
sz,0.4,belhle02,corr,0.8248370289802551
sz,0.5,belhle02,corr,0.8867619633674622
sz,0.65,belhle02,corr,0.7582326531410217
sz,0.8,belhle02,corr,0.6132436990737915
pmc,0.01,belhle02,corr,0.9998669028282166
pmc,0.03,belhle02,corr,0.9988828301429749
pmc,0.05,belhle02,corr,0.9972979426383972
pmc,0.07,belhle02,corr,0.9950438141822815
pmc,0.1,belhle02,corr,0.9910648465156555
pmc,0.15,belhle02,corr,0.9809620976448059
pmc,0.2,belhle02,corr,0.9709769487380981
pmc,0.25,belhle02,corr,0.9551925659179688
pmc,0.3,belhle02,corr,0.936547040939331
pmc,0.4,belhle02,corr,0.9051100015640259
pmc,0.5,belhle02,corr,0.8939206004142761
pmc,0.65,belhle02,corr,0.8929028511047363
pmc,0.8,belhle02,corr,0.8885647654533386
swing,0.01,belhle02,corr,0.9998228549957275
swing,0.03,belhle02,corr,0.9985199570655823
swing,0.05,belhle02,corr,0.9962263703346252
swing,0.07,belhle02,corr,0.9931151270866394
swing,0.1,belhle02,corr,0.987889289855957
swing,0.15,belhle02,corr,0.9742961525917053
swing,0.2,belhle02,corr,0.9629981517791748
swing,0.25,belhle02,corr,0.934581995010376
swing,0.3,belhle02,corr,0.8996231555938721
swing,0.4,belhle02,corr,0.8121935725212097
swing,0.5,belhle02,corr,0.8096404671669006
swing,0.65,belhle02,corr,0.7812728881835938
swing,0.8,belhle02,corr,0.5957978367805481
