mean,var,max_kl_shift,time_kl_shift,max_level_shift,time_level_shift,max_var_shift,time_var_shift,x_acf1,x_acf10,diff1_acf1,diff1_acf10,diff2_acf1,diff2_acf10,seas_acf1,ARCH.LM,crossing_points,entropy,flat_spots,alpha,beta,hurst,lumpiness,nonlinearity,x_pacf5,diff1x_pacf5,diff2x_pacf5,seas_pacf,stability,unitroot_kpss,unitroot_pp,CO_Embed2_Dist_tau_d_expfit_meandiff,CO_f1ecac,CO_FirstMin_ac,CO_HistogramAMI_even_2_5,CO_trev_1_num,DN_HistogramMode_10,DN_HistogramMode_5,DN_OutlierInclude_n_001_mdrmd,DN_OutlierInclude_p_001_mdrmd,FC_LocalSimple_mean1_tauresrat,FC_LocalSimple_mean3_stderr,IN_AutoMutualInfoStats_40_gaussian_fmmi,MD_hrv_classic_pnn40,PD_PeriodicityWang_th0_01,SB_BinaryStats_diff_longstretch0,SB_BinaryStats_mean_longstretch1,SB_MotifThree_quantile_hh,SB_TransitionMatrix_3ac_sumdiagcov,SC_FluctAnal_2_dfa_50_1_2_logi_prop_r1,SC_FluctAnal_2_rsrangefit_50_1_logi_prop_r1,SP_Summaries_welch_rect_area_5_1,SP_Summaries_welch_rect_centroid,nperiods,seasonal_period,trend,spike,linearity,curvature,e_acf1,e_acf10,seasonal_strength,peak,trough,eb,eblc,data
4.8920967645209394,10.092427764072218,15.078145951894253,6955.0,1.7737683362485157,6849.0,0.7216081236414127,2333.0,0.9955006585144589,9.532297192997584,0.014515663254395959,0.0023632885313548875,-0.48005307940877284,0.23127425828260026,0.7911910628080148,0.9805439011256517,281.0,0.494500529040254,147.0,0.999899865007895,0.00010185664791121275,0.9999541773187628,0.005986695538691487,0.0013526053567680266,0.9918258395519841,0.0013212243200780916,0.47098884178966094,-0.02172591843511773,0.906765332302654,41.43124904170995,-49.68508890703568,1.0842704642788568,809.0,78.0,0.9310949908890106,-0.00021972332967991768,-0.09274787077895974,0.1984360405196952,0.5521694214876034,-0.8228305785123967,0.0006240249609984399,0.11644264222612921,40.0,0.6351269909599656,183.0,13.0,1803.0,1.3342208352123002,0.07407407407407407,0.16,0.36,0.9954876403124598,0.0011504855909143068,1.0,96.0,0.9389782924685275,1.348035791855429e-10,-73.35099046988718,36.90309680531802,0.9288884848126545,4.806326793518717,0.24998305588589198,58.0,29.0,0.0,raw,ettm1
4.892087635219856,10.091666329589101,14.94066201982529,6955.0,1.7738352512196232,6849.0,0.7216786685078217,2333.0,0.9955235215934186,9.533498480489456,0.01345727675487759,0.0023181543404102055,-0.48182847445648713,0.23280525454105333,0.7912275941832687,0.9806165640068675,263.0,0.49418593504190983,147.0,0.9998992988062568,0.00010033968789687339,0.9999541773187628,0.005981611603396437,0.00137273915370376,0.9917640207207515,0.0011789314841327498,0.47232512658219716,-0.021754866798646775,0.9068201861983278,41.43157256644694,-49.58585207595411,1.0825933878446528,809.0,78.0,0.9328415867947913,-0.00021184707608833125,-0.09274849591327872,0.19844640035464933,0.5521694214876034,-0.8225723140495868,0.0006240249609984399,0.11618311299377823,40.0,0.5857942315970728,183.0,10.0,1803.0,1.3324622637688348,0.07407407407407407,0.16,0.36,0.9955178833515864,0.0011504855909143068,1.0,96.0,0.9389552166402456,1.3514961712552962e-10,-73.35375808091096,36.89854548514139,0.9292324919253018,4.817792938742849,0.24979779420157266,59.0,29.0,1.0,pmc,ettm1
4.892087637128683,10.08496063547259,14.907339054928954,6955.0,1.7739656720894847,6849.0,0.7224114821832196,2333.0,0.9957417935777767,9.542573298828144,0.022588857884910066,0.002258708205446465,-0.48305990799279536,0.23390975183814003,0.7916194681754675,0.9815462766045568,211.0,0.49310788092717794,150.0,0.9998990557054406,0.00010014027477401317,0.9999541773187628,0.005946518181923197,0.0016755200963157685,0.9923245790873029,0.0010976659202054664,0.46717736883921274,-0.01641730736961762,0.9074459025508276,41.44150819201358,-48.968686819538114,1.0562339623043588,810.0,78.0,0.9603328120261774,-0.0001905649799893715,-0.12054500189880613,0.1652124491091096,0.5521694214876034,-0.8234331955922864,0.0006240249609984399,0.1140284777318038,40.0,0.38777442961687475,183.0,7.0,1803.0,1.2952884452092928,0.07407407407407407,0.16,0.36,0.9957526859260958,0.0011504855909143068,1.0,96.0,0.9394572888942836,1.3455427263257112e-10,-73.39291385326769,36.91433077632499,0.9323346956067958,4.883249054037084,0.25063029734191644,59.0,28.0,3.0,pmc,ettm1
4.892135450839688,10.073723599006913,14.726286599198545,6955.0,1.7738704084225163,6849.0,0.7226628744613562,2333.0,0.9959317850827464,9.554603971146626,0.020549546212718664,0.0017630863325047218,-0.487248091009168,0.23921362214735173,0.791988243352833,0.9822149937652743,157.0,0.49279854285141195,149.0,0.9998995953963168,0.0012651461566922544,0.9999541773187628,0.005891271694780763,0.0019107175393580805,0.9923940510290863,0.0006289701374428411,0.4733157173388769,-0.023496224807596184,0.90845199848641,41.468565129925715,-48.20688656969429,0.970503353948143,811.0,78.0,1.003118042945983,-0.00014626975985231093,-0.12062728051920324,0.16528950441795032,0.5520833333333333,-0.8233471074380165,0.0006240249609984399,0.11117445265150672,40.0,0.27102884201463623,187.0,6.0,2486.0,1.261224654962044,0.07407407407407407,0.16,0.36,0.9959724495080725,0.0011504855909143068,1.0,96.0,0.9403496089929102,1.3220970794407454e-10,-73.44800012524422,36.938614192126735,0.9348701576042059,4.95805360087167,0.25114052932881825,58.0,27.0,5.0,pmc,ettm1
4.892001771368086,10.057406030302275,14.936465584316448,6955.0,1.7743249461177404,6849.0,0.7217240527618545,2334.0,0.9959494429445351,9.565760142581828,0.002106411620203995,0.0013494207687847358,-0.5020477704558083,0.25339047764150524,0.7923862210673779,0.9824057251838024,141.0,0.48149291588320736,151.0,0.9998771207514472,0.0001041286848271846,0.9999541773187628,0.005833996881920237,0.0016559711463576647,0.9920725028384516,0.0004554044593588856,0.48402270174577733,-0.02469857616805512,0.9098464886227082,41.50846396126246,-47.3990191298861,1.0044623940713044,812.0,78.0,1.034022935434389,-0.00010339441859184916,-0.09634521496602555,0.18759089700426745,0.5520833333333333,-0.8238205922865014,0.00093603744149766,0.11002783179034469,40.0,0.20370210934136893,183.0,6.0,2486.0,1.2378419111967869,0.07407407407407407,0.16,0.36,0.9959905180499777,0.0011504855909143068,1.0,96.0,0.9410280953554963,1.3207827901330473e-10,-73.48280445044534,36.94471561028595,0.9344713631949407,5.012877579688362,0.24923478770868324,57.0,29.0,7.0,pmc,ettm1
4.891918038554263,10.029114152533316,18.28244389285799,3566.0,1.7758658126246119,6849.0,0.7201602678320127,2335.0,0.9959162558729797,9.570623424324161,-0.002785753074439285,0.0017000899760550043,-0.5013550132894731,0.25369043176839695,0.7924835477409399,0.982183119400092,117.0,0.4875708471094648,200.0,0.9974627655413638,0.00010012797543366788,0.9999541773187628,0.005714015990881119,0.0015165834017309538,0.992377632741249,0.0009811245413075542,0.4865815947978275,-0.025357121252654092,0.9119350576732903,41.61096111439633,-46.720303073980695,1.0485310414866804,815.0,79.0,1.0978687054218643,-9.034127863631211e-05,-0.21735808239937926,0.052293124249792156,0.5517389807162534,-0.825241046831956,0.00031201248049921997,0.1098020440934292,40.0,0.14722341799397332,287.0,5.0,2486.0,1.211491880243671,0.07407407407407407,0.16,0.36,0.995907949035937,0.0011504855909143068,1.0,96.0,0.9412089513207378,1.36064276870549e-10,-73.46721321517008,36.87174472214639,0.9336322011145894,5.006586574011161,0.23783217991106675,57.0,29.0,10.0,pmc,ettm1
4.892974903783953,9.974087219718609,20.366460642223377,3566.0,1.78004949020521,6849.0,0.7181613651276476,2341.0,0.9961170029036162,9.588255127382773,-0.011961273193111655,0.0006135482268718041,-0.5101607856121965,0.26103468168796334,0.7937589680715187,0.9829535579535079,83.0,0.47535491665594787,210.0,0.9887555685001606,0.00030351181626432947,0.9999541773187628,0.0054647711432540625,0.0016642816216101502,0.9924548577334318,0.0004974138625637742,0.49641693554545124,-0.022065500818940056,0.9163080691720342,41.86863996868708,-44.5564394381388,0.8346460931183491,882.0,168.0,1.157439945636528,-0.00019035870798865559,-0.22604054489714698,0.03848992247225236,0.5513946280991736,-0.8224862258953168,0.00031191515907673113,0.10609530068004554,40.0,0.09754627636676712,286.0,4.0,2486.0,1.1901549793263042,0.07407407407407407,0.16,0.36,0.9961431803678432,0.0011504855909143068,1.0,96.0,0.9421549394054916,1.410544437734367e-10,-73.5708274788984,36.65573203174301,0.9362728680673603,5.076117829298293,0.20531227219397952,56.0,31.0,15.0,pmc,ettm1
4.893144050164061,9.892383062612387,22.374449586296045,11047.0,1.7879065225226338,6849.0,0.7041468249911924,2341.0,0.9963339029518501,9.61308922582178,-0.012676367012160478,0.0005741858272675292,-0.5054765049108405,0.2565390178008993,0.7956355252962379,0.985247864686906,69.0,0.4685630302978013,265.0,0.986669530187098,0.0013348775563468988,0.9999541773187628,0.005680087825556047,0.001127631464900987,0.992787863597636,0.0003556713570228348,0.49877372412609094,-0.016073244048821857,0.9216889690969122,42.171149593379305,-41.254194063257984,0.8108071258118543,881.0,250.0,1.2004873956731386,-0.00014923291783019163,-0.31929557940754716,-0.0639271298530446,0.5521263774104683,-0.8227444903581267,0.00031191515907673113,0.10249462674609651,40.0,0.07395609126130004,285.0,4.0,2486.0,1.172095858262233,0.07407407407407407,0.2,0.36,0.9963243320922127,0.0011504855909143068,1.0,96.0,0.9422976037091311,1.625923434887866e-10,-75.1465867104852,37.85899639208518,0.9400972039691969,5.262128843448539,0.16984589914690962,63.0,32.0,20.0,pmc,ettm1
4.893844397941261,9.779468754781332,26.19092346157533,3566.0,1.7556005987765395,6849.0,0.7073779672872493,2334.0,0.9966215027835735,9.64784095410164,-0.017085516716169733,0.0008319350235850484,-0.5081286217170969,0.2590469855437812,0.8024686032532969,0.987881592299781,59.0,0.45609394721032814,355.0,0.9818918383784456,0.00010018934618032219,0.9999541773187628,0.005245415125124576,0.002962498810679102,0.9935429945926298,0.0004477700609358239,0.4988955680121329,-0.012360531526710817,0.9319582437504171,42.621562655667574,-37.276844468693014,0.7434042637033107,882.0,263.0,1.2345630002833183,-0.00044793547933688323,-0.4539270949538736,-0.21181857712710728,0.5517389807162534,-0.8165891873278237,0.00031104199066874026,0.0979041562101808,40.0,0.05975032285837279,1729.0,3.0,2486.0,1.1616138861746086,0.07407407407407407,0.34,0.4,0.9966177156486866,0.0011504855909143068,1.0,96.0,0.939645491096188,1.9036077828432816e-10,-77.0425297758486,38.925092095981256,0.9474264926893533,5.706870262548342,0.10800375365139847,63.0,31.0,25.0,pmc,ettm1
4.896094888687319,9.69153352266943,26.34210264197431,10889.0,1.770524311907762,6849.0,0.6678123100534001,2333.0,0.9969559182258393,9.684364849170358,-0.017931755743409286,0.0011065369421344757,-0.505117602303759,0.25560926894244207,0.8083994521122811,0.9890002696870005,51.0,0.4466641455219756,430.0,0.9813170600415717,0.00010455845982256835,0.9999541773187628,0.005296193959218881,0.00527304813384635,0.9942120940801048,0.0006091723194525646,0.5007419145168177,-0.007874365418223561,0.9371574027081842,43.09366049254576,-33.50726382716385,0.7278929998113578,887.0,253.0,1.2523365275544078,-0.0004294047437250275,-0.5027049014285365,-0.26843738698922137,0.5511363636363635,-0.815513085399449,0.00031104199066874026,0.09357018343259356,40.0,0.0496771416272062,1731.0,3.0,2486.0,1.15367051508088,0.07407407407407407,0.16,0.4,0.9969075494764099,0.0011504855909143068,1.0,96.0,0.9338230428697756,2.469804907497566e-10,-78.18898187997326,39.06240460584567,0.9558643700317642,6.257058273973716,0.06912651126211344,75.0,31.0,30.0,pmc,ettm1
4.8994140798692944,9.488143039105415,31.712000130646107,3568.0,1.7991365840480174,6849.0,0.6765873579356027,2328.0,0.9973289642799835,9.725940814628903,-0.023899282817949556,0.0011404808848861664,-0.5081793539644024,0.2590267209171973,0.8223749051337084,0.9899943008539821,35.0,0.43056929671001776,452.0,0.9765421225762163,0.00010000841206361204,0.9999541773187628,0.00527921898924161,0.007875317964883173,0.995168109488335,0.0008794839184417363,0.5058258594622388,-0.00401154758341456,0.9471700031198464,44.19341603576206,-28.348889167860136,0.7829514090785088,892.0,636.0,1.2800680345714972,-0.000429176756634834,-0.488138629617364,-0.2521354537650109,0.5507059228650137,-0.8221418732782368,0.00030609121518212427,0.08698958084906142,40.0,0.039001291433491174,1739.0,3.0,2486.0,1.135944694868367,0.07407407407407407,0.38,0.5,0.9973213710095831,0.0011504855909143068,1.0,96.0,0.9395120166107874,2.2575306632064746e-10,-76.68424510001654,39.31626322754781,0.9588065740593121,6.46723658578683,0.030474613173285703,82.0,37.0,40.0,pmc,ettm1
4.8869546892726925,9.151538899993305,39.84436114826047,3569.0,1.8199411684609959,6854.0,0.7240051142082844,2333.0,0.9975825351260604,9.752035767996176,-0.02547629471006543,0.0015347498657090845,-0.5044988048818251,0.2557924713272773,0.8363474661505931,0.9899143661612058,33.0,0.4120156229746902,668.0,0.9729942059448216,0.00010009228359822459,0.9999541773187628,0.004929949932484638,0.008960360949544622,0.996015009725125,0.0010643514544418677,0.511450202024341,-0.0016827311060690032,0.9546038369103927,45.02245325076439,-25.72281612846674,0.7645383064756517,914.0,672.0,1.313880238772057,-0.0006262892917758007,0.2653933244961415,-0.41157335028018993,0.5507059228650137,-0.793732782369146,0.00031377470975839345,0.082852675929255,40.0,0.03288850624192854,1741.0,3.0,2486.0,1.1347935227156218,0.07407407407407407,0.36,0.56,0.9975674410377008,0.0011504855909143068,1.0,96.0,0.9438675857863371,1.968356605632798e-10,-77.64848187219819,38.31004157205006,0.9593799774559897,6.47718430081396,0.009589903802835753,84.0,43.0,50.0,pmc,ettm1
4.872098689542226,8.811125195597048,43.845093649434446,10887.0,1.6537727370452937,6861.0,0.7848652420123615,2338.0,0.9978024483516214,9.77891381002498,-0.033536965049715595,0.00423597766831247,-0.5053611663307027,0.26004159690692713,0.8525451079345195,0.9901433457559164,27.0,0.38949506195287814,786.0,0.9660052324415636,0.00010013820485536178,0.9999541773187628,0.005582733875990047,0.01135347110848417,0.9970814716351794,0.0021712921362912188,0.5256786631523094,-0.027880786226120512,0.9611786648218918,45.781681385405335,-22.912726447725106,0.6357233069421945,974.0,1035.0,1.3075915182484548,-0.0006772641290036997,-0.1953948412196107,-0.4130771195217532,0.5503615702479339,-0.7957128099173554,0.00031625553447185326,0.07794703198770064,40.0,0.02755058114507103,1816.0,3.0,2486.0,1.1232888051219398,0.07407407407407407,0.26,0.58,0.9977931181682532,0.0011504855909143068,1.0,96.0,0.954493227223614,1.907331101316652e-10,-76.10405079422037,38.69255022433456,0.955068586906696,6.188875292730524,4.146877818911321e-08,91.0,41.0,65.0,pmc,ettm1
4.875658994345585,8.685827635039498,90.54923376586505,2486.0,1.937178397623257,2392.0,1.3155777446449288,2339.0,0.9978174261581111,9.784736932718506,-0.043485788863870334,0.004671873269956425,-0.5087388174248865,0.26104712315029094,0.857503470260297,0.9900628762162731,25.0,0.38329838426701923,1308.0,0.9542331990194786,0.00010107620332667969,0.9999541773187628,0.007219072446981324,0.010287624102098483,0.9980830169877227,0.0036503610750111375,0.5347896911410762,-0.0208822304222095,0.9630318855451032,46.48511332002779,-22.85629939623017,0.46036667018096494,1057.0,717.0,1.2741631555212787,-0.001061176110249449,-0.11556170827844303,-0.34192591174145515,0.5526429063360881,-0.7858987603305785,0.00029976019184652276,0.07722681126719667,40.0,0.024709427464485578,2077.0,3.0,2486.0,1.1222190305776456,0.07407407407407407,0.26,0.6,0.9977800340759495,0.0007669903939428711,1.0,96.0,0.9493329155280258,4.29190129041114e-10,-76.73438420643507,39.57319575438704,0.9597005883830328,6.535732749629623,4.145124576915293e-09,76.0,28.0,80.0,pmc,ettm1
4.892010162189377,10.091823451603513,14.85078583507946,6955.0,1.7738705648393085,6849.0,0.7216966413116925,2333.0,0.9955375390202242,9.532972395251134,0.019390086617996464,0.0026509391280628877,-0.47691025674217474,0.22848901183215134,0.7912062972596,0.980886790481004,279.0,0.4943621033822514,147.0,0.9998986537869149,0.00010331754736659201,0.9999541773187628,0.005987628528387316,0.0013082585141745173,0.9921719799471871,0.001536743603566412,0.4675123502338381,-0.021941303774574168,0.9067856020112545,41.429700082030514,-49.62100530005651,1.0842434383070978,809.0,78.0,0.9321178633181697,-0.00022020477890226787,-0.0927233864863144,0.19846924293128287,0.5521694214876034,-0.8228736225895317,0.0006240249609984399,0.1162337483764144,40.0,0.5992251399052949,183.0,21.0,1803.0,1.333729956365442,0.07407407407407407,0.16,0.36,0.9955144607450626,0.0011504855909143068,1.0,96.0,0.939118192797261,1.3414496823230299e-10,-73.36118893752078,36.91890339454396,0.9293756780777828,4.807801086755015,0.2505154809524571,58.0,29.0,1.0,swing,ettm1
4.88951703506078,10.072399905662417,15.060717006513439,6955.0,1.7730361675724906,6849.0,0.7226220886964914,2334.0,0.9958404013933847,9.542145767331686,0.04084574655715729,0.0035417455192143454,-0.4722146108040695,0.22403759518262045,0.7918699090755473,0.9827533867409243,253.0,0.49379047897642475,150.0,0.9998993180440764,0.022550235324380916,0.9999541773187628,0.005941754258536779,0.0016058973634327399,0.9936067776462156,0.0022895052479133156,0.45116392046184667,-0.030568903944900444,0.9072987249611273,41.45814832996188,-49.07338984266769,1.0845087052977822,810.0,78.0,0.9372533532087872,-0.00024967539282248356,-0.11201957019519426,0.17723231528991712,0.5519111570247934,-0.8230888429752066,0.0006240249609984399,0.11372688030393924,40.0,0.500473525613431,183.0,109.0,1803.0,1.319823355236756,0.07407407407407407,0.16,0.36,0.9958040348149577,0.0011504855909143068,1.0,96.0,0.9395023281887243,1.3431879383497175e-10,-73.44810411351084,36.965926372770575,0.9339649542940273,4.874326414912906,0.2513627383066023,59.0,28.0,3.0,swing,ettm1
4.882561278750109,10.033740957648474,15.185523094153584,6955.0,1.777849761192557,6849.0,0.7225712733277585,2333.0,0.9962311267307632,9.558612857807775,0.06958950150652048,0.006942034013749516,-0.4615111467947688,0.21516651570869785,0.7925434686752122,0.984789752902295,235.0,0.4917855607546749,150.0,0.999899984147872,0.020926671158141803,0.9999541773187628,0.005935400292823285,0.002267092997153213,0.9972227249351565,0.005208794539888725,0.4318540238717047,-0.03160939092791784,0.9084438358874275,41.4571905505859,-47.910064828955015,1.0823676777801012,812.0,78.0,0.9500622151509391,-0.00021932645522500566,-0.08021472761168846,0.21092916747001733,0.5519972451790633,-0.8225723140495868,0.0006242197253433209,0.10976616824794387,40.0,0.38312526904864397,183.0,62.0,2486.0,1.2930958726515165,0.07407407407407407,0.16,0.36,0.9961798599794749,0.0011504855909143068,1.0,96.0,0.9403030192368199,1.31907543895079e-10,-73.54520893889702,36.98098077219249,0.9395954171748491,4.99511519511809,0.25028268528754627,56.0,28.0,5.0,swing,ettm1
4.881173600570989,10.029522013390617,15.211780627161666,6955.0,1.768861198437682,6849.0,0.7211300458267289,2333.0,0.996495580114675,9.578656127091602,0.06315153040806572,0.0050634867608931305,-0.47237918396008927,0.22406301447152185,0.7944968667134654,0.9861477416550267,201.0,0.49278587126066237,155.0,0.999899962763478,0.033784114374511016,0.9999541773187628,0.005784280520856057,0.0029514544701916006,0.9968807512642216,0.004119736657713126,0.44109103038939684,-0.03237112839324279,0.9101445210374479,41.5693829515073,-46.59467350666165,1.0740041881966942,816.0,74.0,0.9927273261013237,-0.00019836065384504136,-0.16925691314762425,0.11398675904060451,0.5520833333333333,-0.8214962121212122,0.001248829222603809,0.10533391568170775,40.0,0.30796383986224707,183.0,77.0,2486.0,1.2809660095709878,0.07407407407407407,0.16,0.36,0.9964656879043997,0.0011504855909143068,1.0,96.0,0.9417102876208168,1.2850035050332971e-10,-73.85693057242916,37.22883772302986,0.9428461598475076,5.104968000682118,0.25384743513941554,59.0,29.0,7.0,swing,ettm1
4.8759195908195965,10.033350323806014,14.833917416249953,6955.0,1.7779253452843702,6849.0,0.6947479227273287,2335.0,0.9967267019121442,9.601923727076187,0.058635130339438325,0.004565619184502894,-0.47905851126499155,0.22993866313282013,0.795469139765111,0.9856961732009002,177.0,0.47707182622683564,167.0,0.9998997537402929,0.03947599281113509,0.9999541773187628,0.0052297543925137364,0.0032561875860825156,0.9970143211309339,0.0038360634212274147,0.4464600591839451,-0.015468387322168119,0.9137169372958701,41.84622948771396,-44.77983285142974,1.0809907620658625,884.0,79.0,1.0053856632985119,-0.0002192144754198565,-0.17143547318001562,0.12188712160682735,0.5517389807162534,-0.8248106060606061,0.0015600624024961,0.10129832280252918,40.0,0.24037882049074472,286.0,167.0,2486.0,1.2502786203469893,0.07407407407407407,0.16,0.36,0.9967417529848901,0.0011504855909143068,1.0,96.0,0.9417123328922726,1.3558311828991545e-10,-74.70856416857933,37.683844319359615,0.9467917452150406,5.293649988435285,0.23786469579258152,60.0,28.0,10.0,swing,ettm1
4.8446306415702685,9.869651372389875,14.397970171437603,6955.0,1.745605683170443,6849.0,0.6814463971148428,2335.0,0.9970827235782905,9.649112750122374,0.03978027720656118,0.0028891700444003098,-0.4890530689605102,0.240167846133061,0.7988621148481883,0.9870590571492696,151.0,0.46060781326405065,162.0,0.9998999697155004,0.028813084367075123,0.9999541773187628,0.005613320904078498,0.0033506056510045727,0.9963190685315776,0.002223185506610693,0.4645626977877907,-0.018224158285842236,0.920240224653504,42.50964833281676,-39.256031653358306,1.064376789815321,888.0,171.0,1.1005826641055756,-0.00013129127649749858,-0.21698892668930192,0.055195752160854594,0.5516959366391184,-0.8226584022038568,0.001556662515566625,0.09476353525286345,40.0,0.1587602238484718,285.0,280.0,2486.0,1.2222672684059201,0.07407407407407407,0.16,0.36,0.9970741937467996,0.0011504855909143068,1.0,96.0,0.9452116109601856,1.37200147867995e-10,-75.3507854959805,37.41736268113861,0.9494126070369925,5.487674834085883,0.2061352036258125,64.0,33.0,15.0,swing,ettm1
4.825455713255161,9.817903831025006,14.17621552954655,6955.0,1.6700604350435442,6849.0,0.6423928543323403,2335.0,0.9972195798835528,9.675093570403593,0.030033718546549532,0.001313754337133342,-0.49052149485613283,0.2411419378662915,0.8052449938188072,0.9867315465971958,115.0,0.44404479511818823,210.0,0.9998993263019701,0.022208935906664215,0.9999541773187628,0.0051255723411658665,0.004385889290971814,0.9956066445230005,0.001182475329849886,0.471827979129586,-0.02272926536253194,0.9287547021686072,43.25162994274458,-35.40921933589993,0.9053669830361514,897.0,249.0,1.1037244564113793,6.749892396114172e-05,-0.20760882416636073,0.08151088038831866,0.5507059228650137,-0.8289428374655647,0.001561524047470331,0.09101740917640061,40.0,0.11132156693930263,283.0,209.0,2486.0,1.1974578173705832,0.07407407407407407,0.16,0.36,0.9972245678393079,0.0011504855909143068,1.0,96.0,0.949219806009704,1.350250977472813e-10,-75.82480627512851,38.36681156499323,0.948836402543966,5.474366669800375,0.16997545550405213,67.0,30.0,20.0,swing,ettm1
4.721381749093183,9.162324922657492,21.0716984887579,723.0,1.6974146500505045,6849.0,0.6910354764452601,2335.0,0.9971485913973683,9.67736035462569,0.012154098865621429,0.0006142932511229407,-0.4970936597551753,0.24778695876233503,0.8024649296826795,0.9858051701337041,87.0,0.4444384353691117,255.0,0.9998794785272691,0.00010000941659679916,0.9999541773187628,0.005480826111309297,0.0043537560333904825,0.9946304471367262,0.0002655057235609666,0.48483148798387954,-0.011008722819370953,0.9297794565704052,43.6690399582698,-34.81263804104028,0.7039462086068975,893.0,263.0,1.093519059469125,7.981575267631684e-05,-0.25611896953567004,0.03946593014123345,0.5490702479338843,-0.8254993112947658,0.0015600624024961,0.09176927914990875,40.0,0.07860525182953078,1736.0,253.0,2486.0,1.189341056834245,0.07407407407407407,0.16,0.4,0.997151449350361,0.0011504855909143068,1.0,96.0,0.9453470702132055,1.5845631252379365e-10,-75.63507714626559,37.42255011343589,0.9509200660929383,5.675630428273589,0.121323226262809,68.0,31.0,25.0,swing,ettm1
4.717504323739815,9.431122360124029,37.36228941256369,600.0,1.619310548298418,6849.0,0.5146957096430728,2327.0,0.997351183618335,9.706963944075198,0.003608519842411362,0.0005937706193812883,-0.4967541809828678,0.2475467029890864,0.8106341762314422,0.987943725243148,71.0,0.4345341664636225,222.0,0.9859162610350671,0.0001000020714353844,0.9999541773187628,0.004940548139610342,0.0036248992848462035,0.9948868221076055,0.00023821397340917133,0.4910356879547388,-0.02174521715067631,0.9363968237030474,44.66244889548242,-31.22660499247645,0.7816887725548647,1004.0,350.0,1.1279298477042807,0.00014039337586553623,-0.44667888003544465,-0.1655941679281725,0.5511794077134986,-0.8129304407713498,0.0006240249609984399,0.08815951002545888,40.0,0.07180370210934137,1736.0,341.0,2486.0,1.1741981909620205,0.07407407407407407,0.26,0.44,0.9973450151268077,0.0011504855909143068,1.0,96.0,0.9447593695069717,1.5565259075371437e-10,-76.36283732335875,37.792006950718275,0.9544081023119849,5.947779845313926,0.07251669235081959,71.0,31.0,30.0,swing,ettm1
4.332763264576594,7.458949099869522,56.12758828053184,920.0,1.7971404922270104,826.0,0.9879280802989638,772.0,0.9974895679040144,9.735755558441618,-0.014584762432496085,0.0009847879471198515,-0.5000621341486394,0.250800007188032,0.8236238975250267,0.9882529241823456,65.0,0.42522933963879156,820.0,0.9848153213271029,0.0001000431313728113,0.9999541773187628,0.01279740568816814,0.005722045753203272,0.9952989182582473,0.0005286052522903133,0.5057534250405616,-0.010862483612771734,0.9428047081130538,44.17038519923025,-28.318540963389623,0.45480577142446366,962.0,664.0,1.1377947695427744,0.0009535425209630276,-0.5563292609187327,-0.8792929408317636,0.549974173553719,-0.8272641184573003,0.00030303030303030303,0.08550121955374802,40.0,0.04433921653034869,2024.0,1197.0,2486.0,1.159033646622262,0.07407407407407407,0.62,0.56,0.9974501039845294,0.0011504855909143068,1.0,96.0,0.9247969432457769,3.217332735951503e-10,-75.25286486752574,38.20498393434508,0.9678588478084413,6.963692602008124,3.2939812211196795e-08,78.0,31.0,40.0,swing,ettm1
4.052137900318325,6.774923606370433,123.28971906549484,917.0,2.3033813315010105,823.0,1.6129773649094938,772.0,0.9972077161543954,9.714383505499187,-0.02618110266886758,0.0017903859213588534,-0.5070126809745608,0.25805353587832064,0.7963972942950629,0.9877997091648407,65.0,0.4305781632613476,785.0,0.9729570542804664,0.00045115693214288987,0.9999541773187628,0.02779908664029336,0.004456758414129524,0.9952764642775563,0.00115789488836643,0.5155062281979361,-0.025627059385634487,0.9343394758219793,42.5224810591802,-30.312444508397935,0.35543964142747875,957.0,619.0,1.1181878174450315,0.0019259778525283924,-0.47686180913120757,-0.8075050348508408,0.5504907024793388,-0.8160296143250689,0.00030349013657056146,0.089247827579269,40.0,0.04072320275505811,2068.0,1122.0,2488.0,1.1487599437820193,0.1111111111111111,0.62,0.56,0.997157516007165,0.0011504855909143068,1.0,96.0,0.9407809525985914,2.36264757716492e-10,-73.87211082348918,34.149016573126154,0.9551005915928529,6.105762781952499,2.003706423003848e-09,91.0,49.0,50.0,swing,ettm1
3.387981105689472,4.431271614560117,55.24690111061705,3660.0,2.7816503066851332,2392.0,2.135152369609984,2342.0,0.9974304886439359,9.748072784458616,-0.055411569706805046,0.005647509520679752,-0.5195187183389297,0.27394628192518566,0.8222072969627361,0.9859383222541157,31.0,0.42532502765576924,1175.0,0.9323512680379227,0.005640207119895891,0.9999541773187628,0.02259939490433141,0.011513242913416509,0.998642476452741,0.00429762574023433,0.5432173715675892,-0.010196257718733146,0.9457327925424911,37.56686831393313,-26.233031575783617,0.4219421898228659,590.0,675.0,1.2483720262317868,0.000923501551153764,-0.6691252256522153,-0.4318671212175884,0.5517820247933884,-0.6876721763085399,0.000333667000333667,0.08471745194885398,40.0,0.03211364614722342,2108.0,769.0,2487.0,1.125976650316331,0.07407407407407407,0.76,0.6,0.9974256998705381,0.0011504855909143068,1.0,96.0,0.9503799990305336,3.8270801452541987e-10,-69.27483463667289,30.57345989829843,0.9503583172018674,6.036566406078974,0.0,50.0,43.0,65.0,swing,ettm1
1.9564372972500597,1.1189336865144488,85.39605545168293,6260.0,2.6881965567285926,8864.0,1.0536589981165891,4833.0,0.9954695073521695,9.673652877697188,-0.12837304833019691,0.03339512649580457,-0.5338749156884212,0.30241754195709375,0.8097539909001565,0.9698715255390087,21.0,0.4088653290477887,2165.0,0.8450285509585951,0.00010001586470899612,0.9999541773187628,0.01994773067239451,0.03438328153986165,1.019017653220031,0.033662925121502624,0.5938563538461312,-0.010904739556233046,0.9524255498322264,31.791974713970436,-29.58977887951426,0.47852748205881995,514.0,852.0,0.996568167842915,-0.0037173214849153466,-0.37984201344513435,-0.012188412707269336,0.556043388429752,-0.7132403581267217,0.00035676061362825543,0.106504574030511,40.0,0.03254412397761515,2011.0,2495.0,2491.0,1.1169032772307521,0.12500000000000003,0.66,0.76,0.9953802034752708,0.0023009711818286135,1.0,96.0,0.9450593990771385,6.399673103245192e-10,-64.34706989213173,24.825448219798233,0.9199759165784628,5.2058099283785735,8.324274602955484e-11,41.0,8.0,80.0,swing,ettm1
4.890111694528051,10.087381820191794,14.744156648280285,6955.0,1.7713287337681631,6849.0,0.7237195405205814,2333.0,0.9954034154340315,9.529919359835114,0.004525809452485766,0.0022586052026369883,-0.4853579789675546,0.23622491904943768,0.7909223371595311,0.9799984058322767,285.0,0.49485636736980354,146.0,0.9998966031122285,0.00010002140082464565,0.9999541773187628,0.006029155641113931,0.0013638158057406504,0.9914074542317851,0.0011263401519373596,0.478483702793762,-0.021506657663857228,0.9065416129807594,41.38834688591929,-49.9455221041721,1.1036463791963718,808.0,78.0,0.9295144050754657,-0.00020841525533780647,-0.07475208123891197,0.21867133979864417,0.5521694214876034,-0.8229166666666666,0.0006242197253433209,0.1170178299083463,40.0,0.5990529487731382,182.0,11.0,1803.0,1.3355724358434515,0.07407407407407407,0.16,0.36,0.9954034994374372,0.0011504855909143068,1.0,96.0,0.938844044420884,1.3483771451056023e-10,-73.29924203377062,36.91886526883598,0.9275138957731236,4.7892108469657595,0.24974959792225637,59.0,28.0,0.01,sz,ettm1
4.886676506631939,10.082658833819718,13.658500367997416,6955.0,1.773367873688604,6849.0,0.717662675913659,2333.0,0.9946566687590788,9.516038622812376,-0.07327937435612991,0.0067652271991837775,-0.5272517290688933,0.2787742244097185,0.7908120093794442,0.9752351095002227,275.0,0.49588373652709783,146.0,0.9245651370575256,0.00010001128790271073,0.9999541773187628,0.006041800977208677,0.0030387573627365127,0.9944413170428836,0.006592471843321341,0.536977641721855,-0.016150202768241268,0.9059577720053779,41.40356851127861,-50.91859066478483,1.0554633634728747,808.0,78.0,0.9319393508790309,-0.00022137190685071195,-0.07361355592707719,0.21916459099877472,0.5518250688705235,-0.8231749311294766,0.00031220730565095225,0.12111677337239755,40.0,0.5498062849763237,183.0,9.0,2486.0,1.343571243270056,0.07407407407407407,0.16,0.36,0.9948188804652611,0.0011504855909143068,1.0,96.0,0.9383464310554872,1.3495412304642095e-10,-73.32847286338924,36.97129889960356,0.9156436463403329,4.662568839691136,0.24874463057098206,58.0,29.0,0.03,sz,ettm1
4.875592680299044,10.079904735912102,12.121356548594303,6955.0,1.7748544400877286,6849.0,0.7205236091752455,2334.0,0.9934653224091088,9.488322153670113,-0.13662295439301497,0.020912294086745626,-0.5500202349237423,0.3063572613707952,0.7880439020971448,0.967811087986382,309.0,0.4975106359601247,152.0,0.8459973043239613,0.00010003325426974242,0.9999541773187628,0.006124131370882393,0.009787551194947836,1.0062552868757235,0.021796441329275506,0.59285420706567,-0.015384960260998563,0.9045214350032357,41.3648509530573,-53.4064488196384,1.0231875220877156,807.0,77.0,0.943028951735452,-0.00022405723029139994,-0.13856452314636014,0.15236235837823453,0.5518681129476585,-0.8232610192837466,0.00031220730565095225,0.12837023643857315,40.0,0.43624623331898404,182.0,8.0,1803.0,1.3396167287944976,0.07407407407407407,0.16,0.36,0.9937654243820191,0.0011504855909143068,1.0,96.0,0.9369202923342954,1.378413398950381e-10,-73.19485500838337,36.92073777643914,0.8988359724109145,4.476041881160678,0.2426030879566119,57.0,28.0,0.05,sz,ettm1
4.86116364935141,9.991214930209622,18.225174499478165,6955.0,1.7711179576951508,6849.0,0.7138315299273219,2333.0,0.9913121245548566,9.440080211488683,-0.22590780159132215,0.052865069918382676,-0.5870721193477083,0.35353085338880447,0.7855750603450783,0.9568178541762791,385.0,0.4834662236508849,133.0,0.7515523610405312,0.00010031515223617902,0.9999541773187628,0.00592936241455535,0.02302739374857306,1.0347810065528789,0.05751266240446896,0.6681080977681472,-0.017895780103256057,0.901736652879819,41.21245368214921,-58.18780380406396,0.993877840226102,803.0,73.0,0.9533060927210688,-0.00026360519818141776,-0.2285885849189604,0.05542563131410527,0.5518250688705235,-0.8246384297520661,0.0003198976327575176,0.13967226140592243,40.0,0.3801980198019802,183.0,7.0,2486.0,1.3233575885514621,0.07407407407407407,0.16,0.4,0.9920041077344257,0.0011504855909143068,1.0,96.0,0.9348413154513107,1.380739989935366e-10,-72.70912596537491,36.49071801878317,0.8680963342629904,4.117862682239718,0.24031189163975353,59.0,28.0,0.07,sz,ettm1
4.819891268182187,9.88554250440297,13.182083312874191,6955.0,1.7731348613955067,6849.0,0.6809328393632024,2333.0,0.9893015713080366,9.371748351287877,-0.2336861870768169,0.05815367588034045,-0.5759185648282796,0.33651884152516537,0.7815001482780205,0.9453179579415136,307.0,0.5022808595879806,146.0,0.7215584316735701,0.00010002369228414748,0.9999541773187628,0.006228337381476895,0.031088602888703333,1.0418031596041062,0.06878724078144714,0.6780152554319283,-0.009655345824692215,0.900045959653708,41.302552377179595,-63.52638851315557,0.8710951027059572,807.0,78.0,0.9277422678946069,-0.00014370314570055277,-0.6254517138278191,0.24245981512151848,0.5525998622589532,-0.8043216253443526,0.0003204101249599487,0.1529717321206703,40.0,0.2811881188118812,185.0,6.0,2486.0,1.3338375144460999,0.07407407407407407,0.14,0.4,0.9901334639448967,0.0011504855909143068,1.0,96.0,0.9319861217691819,1.556632114233016e-10,-72.59304583759305,36.2458090115064,0.8439066676007151,3.663768300882393,0.22482107046847166,57.0,29.0,0.1,sz,ettm1
4.7912910156844815,10.024014300340252,24.72595418504302,3568.0,1.7480149959551992,6849.0,0.7472610468307197,2335.0,0.9859538267123035,9.26369337490422,-0.2509458322776601,0.0695210616642739,-0.5749438476416614,0.33733134047538393,0.7783479401542794,0.9438150685801946,349.0,0.5041447493932958,155.0,0.6720110464751519,0.00010000973139084642,0.9999541773187628,0.006445629328623876,0.01424822069344354,1.053915877729476,0.08917482467209085,0.7074524018488699,-0.02414488534029359,0.8945041809714599,41.24732377994602,-76.975332068025,0.892338524720284,802.0,79.0,0.9763540932916868,-0.00028582392386611137,-0.21116979926744728,0.06290088575644082,0.5525137741046833,-0.828168044077135,0.0003202049311559398,0.1721917528409834,40.0,0.20671545415411105,185.0,5.0,2486.0,1.3475069376892939,0.07407407407407407,0.16,0.4,0.986950710040439,0.0011504855909143068,1.0,96.0,0.921138028190433,2.052842301796872e-10,-71.54197916698554,35.938667717457356,0.8224862675523152,3.4299536590046182,0.18872578721398015,55.0,30.0,0.15,sz,ettm1
4.7518587247891855,9.916308017167355,18.94775975227474,2290.0,1.724965502543003,6849.0,0.7089520709597832,2423.0,0.9792567716091113,9.094176902050936,-0.3269151139475466,0.10894071195946468,-0.6128223386810536,0.387422675529537,0.7650646975087293,0.8916616839509799,387.0,0.5193626186288328,216.0,0.5882814400347647,0.00010029860330797147,0.9999541773187628,0.007950818615417979,0.12885889633901595,1.0858265432560459,0.13924438580650744,0.7716922483480578,-0.005068641499392804,0.8851178273696034,41.41396587783049,-104.98594740118955,0.5615160038877561,806.0,78.0,0.9028139913764434,-0.00026317710764780665,-0.018920286556603383,0.28276157974518834,0.5480371900826446,-0.828168044077135,0.00031075201988812925,0.19834243733680124,40.0,0.17640981489453292,285.0,6.0,2486.0,1.2653797510303124,0.07407407407407407,0.14,0.4,0.981479381999333,0.0011504855909143068,1.0,96.0,0.9112259427831342,2.977522453808451e-10,-72.24723215717124,35.58096050714091,0.7660700824411825,2.860375391847958,0.16269115369987786,55.0,30.0,0.2,sz,ettm1
4.630842164315324,9.70246118249937,43.52972286015502,1116.0,1.6969931867166552,6849.0,0.7489556993848959,2429.0,0.9689050056373296,8.841763213352476,-0.40826556732499436,0.17076403520576217,-0.657219789042305,0.46559914580997247,0.747668289890817,0.8812564848059418,337.0,0.5470477657724129,156.0,0.506998662394318,0.00010034190754661142,0.9999134648641439,0.017288043919062582,0.10686305757352695,1.1264744979750667,0.2035572039596712,0.8617536157703071,-0.01925164171998008,0.8588497674366814,40.63218661213193,-164.75085289469487,0.5060049276198073,710.0,67.0,0.9217935512222872,-0.00037960409969054203,0.15522219848254815,-0.09491934439130056,0.553030303030303,-0.8422865013774105,0.0003040437823046519,0.22930516138140314,40.0,0.162031855359449,180.0,4.0,2486.0,1.2591684724106087,0.07407407407407407,0.14,0.34,0.9740550995641307,0.0015339807878857422,1.0,96.0,0.8590543645054349,7.719766660300351e-10,-71.3357404436713,37.33831133980887,0.7789883522185945,3.7004772671165407,0.10216879606548768,56.0,31.0,0.25,sz,ettm1
4.530802767877736,9.40646928960201,43.69426459631672,2291.0,1.7629357328077861,6861.0,0.6455720403179704,3221.0,0.9781155708510462,8.958870468857072,-0.280134644620913,0.08223389290079888,-0.5987532451977968,0.3695373500698577,0.7555449714216425,0.9299755954783122,307.0,0.5320833460500289,268.0,0.6482190184913172,0.00010001871306163474,0.9999541773187628,0.012617096552603872,0.006665500945748013,1.0519510797590501,0.10742231290650724,0.7158570504282437,-0.004635718730208673,0.87157947084842,40.36124948412846,-116.69544513336282,0.4412568944654272,795.0,74.0,0.8589011735976416,-0.0003225624790263682,-0.3529630641426451,-0.6958729249241183,0.5512224517906337,-0.8240358126721763,0.0003225806451612903,0.21242278199613995,40.0,0.12423590185105467,276.0,4.0,1148.0,1.0441648458088766,0.07407407407407407,0.14,0.4,0.9796478516419639,0.0011504855909143068,1.0,96.0,0.8710755706517551,7.315456711036447e-10,-73.51165511438707,39.50941990102805,0.8303558562693708,3.789553245512224,0.07980255749127496,68.0,29.0,0.3,sz,ettm1
4.087958977732182,7.370530823957477,159.42666421218703,3566.0,1.7256415375789933,6849.0,1.015026584422519,744.0,0.9689106709360874,8.49374611578785,-0.2331432482997944,0.06527200641960375,-0.5691879187967313,0.3353780944432479,0.7314779670811951,0.8523007523864317,165.0,0.5528786867235955,340.0,0.6922866016785076,0.00010001543564713485,0.9999134648641439,0.038941761644629404,0.06795521827466312,1.0112170622256031,0.08470295216433786,0.6582816120983092,0.012083067224207275,0.833369066399698,40.03869341404353,-190.5698868871539,0.36991996281208045,605.0,55.0,0.9105270013524646,-0.00028932993785059694,0.10918523766972377,0.4612857383691529,0.5525137741046833,-0.7427685950413223,0.00031036623215394165,0.26104455407848526,40.0,0.09427464485578993,84.0,4.0,2486.0,1.2898775817054062,0.18518518518518517,0.88,0.28,0.9697339077271031,0.0019174759848571777,1.0,96.0,0.7738946563065578,3.2598859384054345e-09,-72.49918728296483,31.572922772778988,0.8629837452263214,4.413252883411695,1.2567466761703727e-06,68.0,27.0,0.4,sz,ettm1
3.852677954289005,8.04117333222858,108.2849579141181,1125.0,1.953337766699987,1031.0,1.1215142166283052,755.0,0.9562264235965451,8.152342256641562,-0.29413292502172506,0.09243560942975985,-0.5979100743861804,0.3713258811873659,0.6577824784263178,0.8568952269734884,323.0,0.5892884575977426,338.0,0.5983430232791069,0.00010005328946578036,0.9999134648641439,0.10162606975020033,0.07018366238919684,1.023705834614923,0.12989567480643044,0.7370759965252902,0.010407603093707307,0.7750282599737116,35.277315861801135,-289.5899192044873,0.31531631050146736,518.0,52.0,0.8237041181918423,-0.0009148392963400924,0.4285167739519493,-0.7770271445188904,0.5518250688705235,-0.8364325068870524,0.0003224766204450177,0.29571324543115557,40.0,0.08962548428755919,80.0,4.0,2486.0,1.1851761183765501,0.07407407407407407,0.74,0.38,0.9585413190488324,0.002684466378800049,1.0,96.0,0.7147428334719865,5.1880803583288e-09,-64.03763388524168,30.18793411743769,0.8469516332647418,4.478195117414757,1.630307005473508e-05,61.0,7.0,0.5,sz,ettm1
3.0384209962631,5.589753451980851,167.95980923467414,1126.0,2.3920819867333862,1032.0,1.4761653715745893,1079.0,0.9587791349755108,7.875136614655889,-0.1935534773877371,0.052548520942402595,-0.550873922448804,0.3115056668201814,0.6291167841748029,0.8873824506770568,105.0,0.6090666692185115,589.0,0.7400465672247742,0.00010008465743684754,0.9999134648641439,0.1800860863370594,0.03197944681246682,0.9742680519767577,0.07077778793824123,0.6480751033744192,0.0035596531291695066,0.7378835538079302,32.524810556868665,-295.32110654716314,0.27415523388592794,343.0,44.0,0.8620690835517646,-0.0012966800175752133,0.16728444597146397,0.39610653211620206,0.5495867768595042,-0.8350550964187328,0.0003295978905735003,0.30849347781299413,40.0,0.0709427464485579,85.0,4.0,2486.0,1.092997977241129,0.07407407407407407,0.14,0.36,0.9584992748448999,0.0030679615757714844,1.0,96.0,0.6690294575574243,8.147759063712998e-09,-62.29197308256734,25.330696778956195,0.8757431315864003,4.501151729969159,7.327120399303055e-08,88.0,35.0,0.65,sz,ettm1
1.717430824301008,1.3308505862186593,60.238334804326634,10885.0,1.9611461187468597,6841.0,3.2788510524910475,815.0,0.95663308791134,7.599522020691906,-0.158687351662976,0.046615858832468514,-0.5413599232665595,0.3155112576899907,0.5996617648826448,0.8350766149238549,157.0,0.6325579369787886,1460.0,0.8048028965641623,0.00010002958520122526,0.9999134648641439,0.276818694121286,0.07623734233607113,0.9539579867603821,0.053861186309892735,0.5956129750029805,0.023098209507186346,0.7195022881371865,27.383686889783977,-335.5410299102109,0.20199097801115706,339.0,79.0,0.7475002457266771,-0.00031016803676452436,0.43433216142674413,0.05068136848724569,0.550189393939394,-0.4380165289256198,0.00032862306933946765,0.3266798392985498,40.0,0.053293155402496774,95.0,4.0,2486.0,1.0374132194938295,0.1111111111111111,0.84,0.78,0.9553765995149345,0.004601942363657227,1.0,96.0,0.6682370962120144,2.117883297289206e-08,-55.58677951044346,9.632370563775025,0.8694848192935459,3.930966682634574,5.057954055587288e-10,73.0,31.0,0.8,sz,ettm1
